brand,serie,code,color,desc,base,prop
gunze,C,C1,16777215,WHITE,1,G
gunze,C,C2,2301728,BLACK,1,G
gunze,C,C3,15539236,RED,1,G
gunze,C,C4,16768256,YELLOW,1,G
gunze,C,C5,23210,BLUE,1,G
gunze,C,C6,26677,GREEN,1,G
gunze,C,C7,13254966,BROWN,1,G
gunze,C,C8,13751252,SILVER,1,ME
gunze,C,C9,14462769,GOLD,1,ME
gunze,C,C10,13464378,COPPER,1,ME
gunze,C,C11,11844543,LIGHT GULL GRAY,1,SG
gunze,C,C12,7298876,OLIVE DRAB（1）,1,SG
gunze,C,C13,6781571,NEUTRAL GRAY,1,SG
gunze,C,C14,2314075,NAVY BLUE,1,SG
gunze,C,C15,14624,IJN GREEN （NAKAJIMA）,1,SG
gunze,C,C16,2249791,IJA GREEN,1,SG
gunze,C,C17,5329996,RLM71 DARK GREEN,1,SG
gunze,C,C18,2571341,RLM70 BLACK GREEN,1,SG
gunze,C,C19,10322245,SANDY BROWN,1,SG
gunze,C,C20,5095333,LIGHT BLUE,1,SG
gunze,C,C21,11176523,MIDDLE STONE,1,SG
gunze,C,C22,6050116,DARK EARTH,1,SG
gunze,C,C23,4939853,DARK GREEN（2）,1,SG
gunze,C,C25,7370851,DARK SEAGRAY,1,SG
gunze,C,C26,13621930,DUCK EGG GREEN,1,SG
gunze,C,C27,11707189,INTERIOR GREEN,1,SG
gunze,C,C28,2301728,STEEL,1,ME
gunze,C,C29,6370363,HULL RED,1,SG
gunze,C,C30,16777215,FLAT BASE,1,M
gunze,C,C31,8686733,DARK GRAY（1）,1,SG
gunze,C,C32,4742500,DARK GRAY（2）,1,SG
gunze,C,C33,2301728,FLAT BLACK,1,M
gunze,C,C34,38362,SKY BLUE,1,G
gunze,C,C35,9744574,IJN GRAY （MITSUBISHI）,1,SG
gunze,C,C36,2507074,RLM74 GRAY GREEN,1,SG
gunze,C,C37,5530720,RLM75 GRAY VIOLET,1,SG
gunze,C,C38,4476989,OLIVE DRAB（2）,1,M
gunze,C,C39,12228453,DARK YELLOW （SANDY YELLOW）,1,M
gunze,C,C40,3097160,GERMAN GRAY,1,M
gunze,C,C41,5715000,RED BROWN,1,M
gunze,C,C42,5059896,MAHOGANY,1,SG
gunze,C,C43,7426362,WOOD BROWN,1,SG
gunze,C,C44,12886638,TAN,1,SG
gunze,C,C45,12169348,SAIL COLOR,1,SG
gunze,C,C46,16777215,CLEAR,1,C
gunze,C,C47,15539236,CLEAR RED,1,C
gunze,C,C48,16765953,CLEAR YELLOW,1,C
gunze,C,C49,15885602,CLEAR ORANGE,1,C
gunze,C,C50,44783,CLEAR BLUE,1,C
gunze,C,C51,14920828,FLESH,1,SG
gunze,C,C52,4216401,FIELD GRAY（2）,1,M
gunze,C,C54,3819840,KHAKI GREEN,1,M
gunze,C,C55,5986109,KHAKI,1,M
gunze,C,C56,7315355,IJN GRAY GREEN （NAKAJIMA）,1,SG
gunze,C,C57,31602,METALLIC BLUE GREEN,1,ME
gunze,C,C58,16021792,ORANGE YELLOW,1,SG
gunze,C,C59,15679523,ORANGE,1,G
gunze,C,C60,9802880,RLM02 GRAY,1,SG
gunze,C,C61,5789532,BURNT IRON,1,ME
gunze,C,C62,16777215,FLAT WHITE,1,M
gunze,C,C63,15823512,PINK,1,G
gunze,C,C64,2009674,YELLOW GREEN,1,G
gunze,C,C65,478882,BRIGHT BLUE,1,G
gunze,C,C66,42576,BRIGHT GREEN,1,G
gunze,C,C67,4731015,PURPLE,1,G
gunze,C,C68,14295336,MADDER RED,1,G
gunze,C,C69,16184302,OFF WHITE,1,G
gunze,C,C70,3819840,DARK GREEN,1,M
gunze,C,C71,3688782,MIDNIGHT BLUE,1,G
gunze,C,C72,2970978,INTERMEDIATE BLUE,1,SG
gunze,C,C73,7510424,AIRCRAFT GRAY,1,G
gunze,C,C74,1733502,AIR SUPERIORITY BLUE,1,G
gunze,C,C75,11479600,METALLIC RED,1,ME
gunze,C,C76,23210,METALLIC BLUE,1,ME
gunze,C,C77,36952,METALLIC GREEN,1,ME
gunze,C,C78,2301728,METAL BLACK,1,ME
gunze,C,C79,15539236,SHINE RED,1,G
gunze,C,C80,3027090,COBALT BLUE,1,SG
gunze,C,C81,8139065,RUSSET,1,G
gunze,C,C90,13093066,SHINE SILVER,1,ME
gunze,C,C92,2301728,SEMI GLOSS BLACK,1,SG
gunze,C,C97,11188143,LIGHT GRAY,1,G
gunze,C,C100,11479613,WINE RED,1,G
gunze,C,C101,3878688,SMOKE GRAY,1,G
gunze,C,C104,11057343,GUN CHROME,1,ME
gunze,C,C107,15790574,CHARACTER WHITE,1,SG
gunze,C,C108,13182251,CHARACTER RED,1,SG
gunze,C,C109,16089631,CHARACTER YELLOW,1,SG
gunze,C,C110,478882,CHARACTER BLUE,1,SG
gunze,C,C111,16637391,CHARACTER FLESH（1）,1,SG
gunze,C,C112,16364978,CHARACTER FLESH（2）,1,SG
gunze,C,C113,16426521,RLM04 YELLOW,1,SG
gunze,C,C114,13181770,RLM23 RED,1,SG
gunze,C,C115,7180960,RLM65 LIGHT BLUE,1,SG
gunze,C,C116,4210753,RLM66 BLACK GRAY,1,SG
gunze,C,C117,11520969,RLM76 LIGHT BLUE,1,SG
gunze,C,C118,7839662,RLM78 LIGHT BLUE,1,SG
gunze,C,C119,9597535,RLM79 SAND YELLOW,1,SG
gunze,C,C120,1654572,RLM80 OLIVE GREEN,1,SG
gunze,C,C121,5329996,RLM81 BROWN VIOLET,1,SG
gunze,C,C122,6587739,RLM82 LIGHT GREEN,1,SG
gunze,C,C123,3955795,RLM83 DARK GREEN,1,SG
gunze,C,C124,215844,DARK GREEN （MITSUBISHI）,1,SG
gunze,C,C125,3619,COWLING COLOR,1,SG
gunze,C,C126,5531977,COCKPIT COLOR （MITSUBISHI）,1,SG
gunze,C,C127,10662272,COCKPIT COLOR （NAKAJIMA）,1,SG
gunze,C,C128,10857377,GRAY GREEN,1,SG
gunze,C,C129,5466453,DARK GREEN （NAKAJIMA）,1,SG
gunze,C,C130,5661512,DARK GREEN （KAWASAKI）,1,SG
gunze,C,C131,4923412,RED BROWN Ⅱ,1,SG
gunze,C,C132,7298876,EARTH GREEN,1,M
gunze,C,C135,3578196,RUSSIAN GREEN（1）,1,M
gunze,C,C136,3825993,RUSSIAN GREEN（2）,1,M
gunze,C,C137,2301728,TIRE BLACK,1,M
gunze,C,C138,42576,CLEAR GREEN,1,C
gunze,C,C151,16777215,WHITE PEARL,1,PA
gunze,C,C156,16777215,SUPER WHITE Ⅳ,1,G
gunze,C,C158,14295336,SUPER ITALIAN RED,1,G
gunze,C,C159,13751252,SUPER SILVER,1,ME
gunze,C,C171,15539236,FLUORESCENT RED,1,FL
gunze,C,C172,16773632,FLUORESCENT YELLOW,1,FL
gunze,C,C173,15610148,FLUORESCENT ORANGE,1,FL
gunze,C,C174,15534450,FLUORESCENT PINK,1,FL
gunze,C,C175,42576,FLUORESCENT GREEN,1,FL
gunze,C,C181,16777215,SEMI-GLOSS SUPER CLEAR,1,C
gunze,C,C182,16777215,FLAT CLEAR,1,C
gunze,C,C183,15725299,SUPER CLEAR GRAY TONE,1,C
gunze,C,C188,16777215,FLAT BASE ROUGH,1,M
gunze,C,C189,16777215,FLAT BASE SMOOTH,1,M
gunze,C,C301,3949132,GRAY FS36081,1,SG
gunze,C,C302,3890265,GREEN FS34092,1,SG
gunze,C,C303,5530714,GREEN FS34102,1,SG
gunze,C,C304,4801339,OLIVE DRAB FS34087,1,SG
gunze,C,C305,5075056,GRAY FS36118,1,SG
gunze,C,C306,7047306,GRAY FS36270,1,SG
gunze,C,C307,6981777,GRAY FS36320,1,SG
gunze,C,C308,8231839,GRAY FS36375,1,SG
gunze,C,C309,3890265,GREEN FS34079,1,SG
gunze,C,C310,7759704,BROWN FS30219,1,SG
gunze,C,C311,15066831,GRAY FS36622,1,SG
gunze,C,C312,4294501,GREEN FS34227,1,SG
gunze,C,C313,14990986,YELLOW FS33531 I,1,SG
gunze,C,C314,14938855,BLUE FS35622,1,SG
gunze,C,C315,9742499,GRAY FS16440,1,G
gunze,C,C316,16777215,WHITE FS17875,1,G
gunze,C,C317,7371377,GRAY FS36231,1,M
gunze,C,C318,16699277,RADOME,1,SG
gunze,C,C319,2388576,LIGHT GREEN,1,SG
gunze,C,C320,4939085,DARK GREEN,1,SG
gunze,C,C321,11439473,LIGHT BROWN,1,SG
gunze,C,C322,3226714,PHTHALO CYANNE BLUE,1,G
gunze,C,C323,47602,LIGHT BLUE,1,G
gunze,C,C324,8955299,LIGHT GRAY,1,M
gunze,C,C325,10464163,GRAY FS26440,1,SG
gunze,C,C326,3487054,BLUE FS15044,1,G
gunze,C,C327,10366259,RED FS11136,1,G
gunze,C,C328,3226714,BLUE FS15050,1,G
gunze,C,C329,16358684,YELLOW FS13538,1,G
gunze,C,C330,4411472,DARK GREEN BS381C/641,1,SG
gunze,C,C331,5594723,DARK SEAGRAY BS381C 638,1,SG
gunze,C,C332,9345166,LIGHT AIRCRAFT GRAY BS381C 627,1,SG
gunze,C,C333,3362651,EXTRA DARK SEAGRAY BS381C 640,1,SG
gunze,C,C334,8426644,BARLEY GRAY BS4800/18B21,1,SG
gunze,C,C335,6519165,MEDIUM SEAGRAY BS381C 637,1,SG
gunze,C,C336,7114354,HEMP BS4800/10B21,1,SG
gunze,C,C337,4683390,GRAYISH BLUE FS35237,1,SG
gunze,C,C338,11844543,LIGHT GRAY FS36495,1,SG
gunze,C,C339,3362651,ENGINE GRAY FS16081,1,G
gunze,C,C340,4086851,FIELD GREEN FS34097,1,SG
gunze,C,C351,7894862,ZINC-CHROMATE TYPE I FS34151,1,M
gunze,C,C352,11968052,CHROMATE YELLOW PRIMER FS33481,1,M
gunze,C,C361,3817270,DARK GREEN BS641,1,M
gunze,C,C362,5990252,OCEAN GRAY,1,M
gunze,C,C363,7768721,MEDIUM SEAGRAY BS637,1,M
gunze,C,C364,7111526,AIRCRAFT GRAY GREEN BS283,1,M
gunze,C,C365,29,GLOSS SEABLUE FS151042,1,G
gunze,C,C366,5664898,INTERMEDIATE BLUE FS35164,1,M
gunze,C,C367,6654096,BLUE GRAY FS35189,1,M
gunze,C,C368,10531991,SKY BS381C/210,1,M
gunze,C,C369,5852726,DARK EARTH BS381C/450,1,M
gunze,C,C370,5604268,AZURE BLUE,1,M
gunze,C,C374,5275556,JASDF SHALLOW OCEAN BLUE,1,SG
gunze,C,C375,2501955,JASDF DEEP OCEAN BLUE,1,SG
gunze,C,C376,11714236,JASDF RADOME GRAY,1,SG
gunze,C,C383,2576194,DARK GREEN （KAWANISHI）,1,SG
gunze,C,C384,8290121,COCKPIT COLOR （KAWANISHI）,1,SG
gunze,C,C385,11603994,RED（IJN AIRCRAFT MARKING）,1,SG
gunze,C,C391,44434,INTERIOR TURQUOISE GREEN（SOVIET）,1,SG
gunze,C,C392,1875644,INTERIOR BLUE （SOVIET）,1,SG
gunze,C,C393,327685,RUSSIAN AIRCRAFT BLUE II,1,SG
gunze,C,C511,5070390,"RUSSIAN GREEN ""4BO""",1,M
gunze,C,C512,6251063,"RUSSIAN GREEN ""4BO"" 1947-""",1,M
gunze,C,C513,3886170,"DARK GRAY ""DUNKEL GRAU""",1,M
gunze,C,C514,4943225,"GRAY ""GRAU""",1,M
gunze,C,C515,5535359,"FADED GRAY ""BLASSGRAU""",1,M
gunze,C,C516,3753271,DARK GREEN 3414,1,M
gunze,C,C517,4733229,BROWN 3606,1,M
gunze,C,C518,3617566,OLIVE DRAB 2314,1,SG
gunze,C,C519,4214074,BRONZEGRUN,1,M
gunze,C,C520,5389095,LEDERBRAUN,1,M
gunze,C,C521,2369835,TEER SCHWARZ,1,M
gunze,C,C522,5853006,GROUND COLOR,1,M
gunze,C,C523,5792334,GRASS COLOR,1,M
gunze,C,C524,8878663,HAY COLOR,1,M
gunze,C,C525,3559486,GREEN,1,M
gunze,C,C526,8742484,BROWN,1,M
gunze,C,C527,10386778,KHAKI,1,M
gunze,C,C528,12823686,IDF GRAY1 （-1981 SINAI）,1,M
gunze,C,C529,8814192,IDF GRAY2 （-1981 GOLAN）,1,M
gunze,C,C530,8287586,IDF GRAY3 （MODERN）,1,M
gunze,C,C601,8948627,IJN HULL COLOR/KURE,1,M
gunze,C,C602,7303794,IJN HULL COLOR/SASEBO,1,M
gunze,C,C603,10002090,IJN HULL COLOR/MAIZURU,1,M
gunze,C,C604,5142340,IJN TYPE21 CAMOFLAGE COLOR,1,M
gunze,C,C605,8169842,IJN TYPE22 CAMOFLAGE COLOR,1,M
gunze,C,C606,6769476,IJN LINOLEUM DECK COLOR,1,M
gunze,C,C607,7239291,JMSDF 2704 GRAY N5,1,SG
gunze,C,C608,5396829,JMSDF 2705 DARK GRAY N4,1,M
gunze,C,C609,4080455,JMSDF CLEATED DECK COLOR,1,M
gunze,GX,GX1,16777215,COOL WHITE,1,G
gunze,GX,GX2,2301728,UENO BLACK,1,G
gunze,GX,GX3,15605027,HARMANN RED,1,G
gunze,GX,GX4,16768001,CHIARA YELLOW,1,G
gunze,GX,GX5,88746,SUSIE BLUE,1,G
gunze,GX,GX6,26419,MORRIE GREEN,1,G
gunze,GX,GX100,16777215,SUPER CLEAR Ⅲ,1,C
gunze,GX,GX112,13750996,SUPER CLEARⅢ UV CUT GLOSS,1,C
gunze,GX,GX113,13750996,SUPER CLEARⅢ UV CUT MATT,1,C
gunze,GX,GX114,13750996,SUPER SMOOTH CLEAR〈MATT〉,1,C
gunze,GX,LG1,16777215,GGX WHITE,1,G
gunze,GX,LG2,2301728,GGX BLACK,1,G
gunze,GX,LG112,16777215,GGX CLEAR UV CUT GLOSS,1,C
gunze,GX,LG113,16777215,GGX CLEAR UV CUT MATT,1,C
gunze,SM,SM201,13422031,SUPER FINE SILVER 2,1,ME
gunze,SM,SM202,13347959,SUPER GOLD 2,1,ME
gunze,SM,SM203,12040379,SUPER IRON 2,1,ME
gunze,SM,SM204,12369344,SUPER STAINLESS 2,1,ME
gunze,SM,SM205,14078678,SUPER TITANIUM 2,1,ME
gunze,SM,SM206,13356238,SUPER CHROME SILVER 2,1,ME
gunze,SM,SM207,14594610,SUPER RICH GOLD,1,ME
gunze,SM,SM208,13882582,SUPER DURALUMIN,1,ME
gunze,SM,SM209,13265753,SUPER COPPER,1,ME
gunze,SM,SM210,14262177,SUPER PINK GOLD,1,ME
gunze,SM,SM211,14523185,SUPER RED GOLD,1,ME
gunze,SM,SM212,13948375,SUPER MATT ALUMINUM,1,ME
gunze,CR,CR1,44783,CYAN,1,G
gunze,CR,CR2,15466636,MAGENTA,1,G
gunze,CR,CR3,16773632,YELLOW,1,G
gunze,CR,HCR1,44783,CYAN,2,G
gunze,CR,HCR2,15466636,MAGENTA,2,G
gunze,CR,HCR3,16773632,YELLOW,2,G
gunze,S,S1,16777215,WHITE,1,G
gunze,S,S2,2301728,BLACK,1,G
gunze,S,S3,15539236,RED,1,G
gunze,S,S4,16768256,YELLOW,1,G
gunze,S,S5,24751,BLUE,1,G
gunze,S,S6,26677,GREEN,1,G
gunze,S,S8,13751252,SILVER,1,ME
gunze,S,S9,14462769,GOLD,1,ME
gunze,S,S11,11844543,LIGHT GULL GRAY A,1,SG
gunze,S,S12,7298876,OLIVE DRAB（1） A,1,SG
gunze,S,S13,6781571,NEUTRAL GRAY A,1,SG
gunze,S,S14,2314075,NAVY BLUE A,1,SG
gunze,S,S15,4476989,IJN GREEN（NAKAJIMA）A,1,SG
gunze,S,S16,2249791,IJA GREEN A,1,SG
gunze,S,S28,2301728,STEEL,1,ME
gunze,S,S29,6370363,HULL RED,1,SG
gunze,S,S30,16777215,FLAT CLEAR,1,C
gunze,S,S31,5010790,DARK GRAY（1） S,1,SG
gunze,S,S32,4742500,DARK GRAY（2） S,1,SG
gunze,S,S33,2301728,FLAT BLACK,1,M
gunze,S,S34,38362,SKY BLUE,1,G
gunze,S,S35,9744574,IJN GRAY（MITSUBISHI）A,1,SG
gunze,S,S38,4476989,OLIVE DRAB（2） T,1,M
gunze,S,S39,12228453,DARK YELLOW（SANDY YELLOW）T,1,M
gunze,S,S40,3097160,GERMAN GRAY T,1,M
gunze,S,S41,5715000,RED BROWN T,1,M
gunze,S,S42,5059896,MAHOGANY,1,SG
gunze,S,S43,7426362,WOOD BROWN,1,SG
gunze,S,S44,12886638,TAN,1,SG
gunze,S,S46,16777215,CLEAR,1,C
gunze,S,S47,15539236,CLEAR RED,1,C
gunze,S,S48,16765953,CLEAR YELLOW,1,C
gunze,S,S49,15885602,CLEAR ORANGE,1,C
gunze,S,S50,44783,CLEAR BLUE,1,C
gunze,S,S58,16021792,ORANGE YELLOW A,1,SG
gunze,S,S59,15885602,ORANGE,1,SG
gunze,S,S61,5716532,BURNT IRON,1,ME
gunze,S,S62,16777215,FLAT WHITE,1,M
gunze,S,S63,15823512,PINK,1,G
gunze,S,S64,2009674,YELLOW GREEN,1,G
gunze,S,S65,478882,BRIGHT BLUE,1,G
gunze,S,S66,42576,BRIGHT GREEN,1,G
gunze,S,S67,4731015,PURPLE,1,G
gunze,S,S68,14295336,MADDER RED,1,G
gunze,S,S69,16184302,OFF WHITE,1,G
gunze,S,S70,3819840,DARK GREEN T,1,M
gunze,S,S72,2787231,INTERMEDIATE,1,SG
gunze,S,S75,11479600,METALLIC RED,1,ME
gunze,S,S76,23210,METALLIC BLUE,1,ME
gunze,S,S77,36952,METALLIC GREEN,1,ME
gunze,S,S78,2301728,METAL BLACK,1,ME
gunze,S,S79,15539236,SHINE RED,1,G
gunze,S,S80,3027090,COBALT BLUE,1,SG
gunze,S,S81,8139065,RUSSET,1,G
gunze,S,S90,13093066,SHINE SILVER,1,ME
gunze,S,S92,2301728,SEMI GLOSS BLACK,1,SG
gunze,S,S97,11188143,LIGHT GRAY,1,G
gunze,S,S101,3878688,SMOKE GRAY,1,G
gunze,S,S107,15790574,CHARACTER WHITE,1,SG
gunze,S,S108,13182251,CHARACTER RED,1,SG
gunze,S,S109,16089631,CHARACTER YELLOW,1,SG
gunze,S,S110,478882,CHARACTER BLUE,1,SG
gunze,S,S111,16637391,CHARACTER FLESH（1）,1,SG
gunze,S,S112,16364978,CHARACTER FLESH（2）,1,SG
gunze,S,S115,7180960,RLM65 LIGHT BLUE A,1,SG
gunze,S,S117,11520969,RLM76 LIGHT BLUE A,1,SG
gunze,S,S124,2246463,DARK GREEN（MITSUBISHI） A,1,SG
gunze,S,SJ01,6320762,JAPANESE NAVAL ARSENAL COLOR,1,M
gunze,S,SJ02,5329492,JAPANESE NAVAL ARSENAL COLOR,1,M
gunze,N,N1,16777215,WHITE,8,G
gunze,N,N2,2301728,BLACK,8,G
gunze,N,N3,15539236,RED,8,G
gunze,N,N4,16768256,YELLOW,8,G
gunze,N,N5,23210,BLUE,8,G
gunze,N,N6,36941,GREEN,8,G
gunze,N,N7,13254966,BROWN,8,G
gunze,N,N8,13751252,SILVER,8,ME
gunze,N,N9,14462769,GOLD,8,ME
gunze,N,N10,13464378,COPPER,8,ME
gunze,N,N11,16777215,MATT WHITE,8,M
gunze,N,N12,2301728,MATT BLACK,8,M
gunze,N,N13,14295336,MATT RED,8,M
gunze,N,N14,15679523,ORANGE,8,G
gunze,N,N15,478882,BRIGHT BLUE,8,G
gunze,N,N16,2794570,YELLOW GREEN,8,G
gunze,N,N17,6370363,HULL RED,8,SG
gunze,N,N18,2301728,STEEL,8,ME
gunze,N,N19,15823512,PINK,8,G
gunze,N,N20,16777215,FLAT CLEAR,8,C
gunze,N,N21,16184302,OFF WHITE,8,G
gunze,N,N22,5991288,NEUTRAL GRAY,8,SG
gunze,N,N23,15539236,SHINE RED,8,G
gunze,N,N24,16021792,ORANGE YELLOW,8,SG
gunze,N,N25,38362,SKY BLUE,8,G
gunze,N,N26,42576,BRIGHT GREEN,8,G
gunze,N,N27,12886638,TAN,8,SG
gunze,N,N28,2301728,METAL BLACK,8,ME
gunze,N,N30,16777215,CLEAR,8,C
gunze,N,N32,3097160,GERMAN GRAY 3/4,8,M
gunze,N,N33,8728633,RUSSET,8,G
gunze,N,N34,14983204,CREAM YELLOW,8,G
gunze,N,N35,3027090,COBALT BLUE,8,G
gunze,N,N36,14624,IJN GREEN （NAKAJIMA）,8,SG
gunze,N,N37,7426362,WOOD BROWN,8,SG
gunze,N,N38,4994368,STEEL RED,8,ME
gunze,N,N39,4731015,PURPLE,8,G
gunze,N,N40,16777215,FLAT BASE,8,M
gunze,N,N43,11479613,WINE RED,8,G
gunze,N,N44,14920828,FLESH,8,SG
gunze,N,N45,49395,LIGHT BLUE,8,G
gunze,N,N46,44123,EMERALD GREEN,8,G
gunze,N,N47,7615031,RED BROWN,8,M
gunze,N,N49,7308738,VIOLET,8,G
gunze,N,N50,8629876,LIME GREEN,8,G
gunze,N,N51,11844543,LIGHT GULL GRAY,8,G
gunze,N,N52,6247726,OLIVE DRAB（1）,8,SG
gunze,N,N54,2314075,NAVY BLUE,8,SG
gunze,N,N55,3688782,MIDNIGHT BLUE,8,G
gunze,N,N56,2970978,INTERMEDIATE BLUE,8,SG
gunze,N,N57,7510424,AIRCRAFT GRAY,8,G
gunze,N,N58,11707189,INTERIOR GREEN,8,SG
gunze,N,N60,2249791,IJA GREEN,8,SG
gunze,N,N61,9744574,IJN GRAY （MITSUBISHI）,8,G
gunze,N,N62,7315355,IJN GRAY GREEN （NAKAJIMA）,8,SG
gunze,N,N63,31602,METALLIC BLUE GREEN,8,ME
gunze,N,N66,10322245,RLM79 SAND YELLOW,8,SG
gunze,N,N67,7180960,RLM65 LIGHT BLUE,8,SG
gunze,N,N68,2507074,RLM74 GRAY GREEN,8,SG
gunze,N,N69,5530720,RLM75 GRAY VIOLET,8,SG
gunze,N,N70,9802880,RLM02GRAY,8,SG
gunze,N,N71,11176523,MIDDLE STONE,8,SG
gunze,N,N72,6050116,DARK EARTH,8,SG
gunze,N,N73,3819840,DARK GREEN,8,SG
gunze,N,N76,5789532,BURNT IRON,8,ME
gunze,N,N77,2301728,TIRE BLACK,8,M
gunze,N,N78,4476989,OLIVE DRAB（2）,8,M
gunze,N,N79,12228453,DARK YELLOW 3/4,8,M
gunze,N,N80,3819840,KHAKI GREEN,8,M
gunze,N,N81,5986109,KHAKI,8,M
gunze,N,N82,8686733,DARKGRAY（1）,8,SG
gunze,N,N83,4742500,DARKGRAY（2）,8,SG
gunze,N,N84,5059896,MAHOGANY,8,SG
gunze,N,N85,12169348,SAIL COLOR,8,M
gunze,N,N86,14295336,RED MADDER,8,G
gunze,N,N87,11479600,METALLIC RED,8,ME
gunze,N,N88,23210,METALLIC BLUE,8,ME
gunze,N,N89,36952,METALLIC GREEN,8,ME
gunze,N,N90,15539236,CLEAR RED,8,C
gunze,N,N91,16765953,CLEAR YELLOW,8,C
gunze,N,N92,15885602,CLEAR ORANGE,8,C
gunze,N,N93,44783,CLEAR BLUE,8,C
gunze,N,N94,42576,CLEAR GREEN,8,C
gunze,N,N95,3878688,SMOKE GRAY,8,G
gunze,N,N97,16773632,FLUORESCENT YELLOW,8,FL
gunze,N,N98,15610148,FLUORESCENT ORANGE,8,FL
gunze,N,N99,15534450,FLUORESCENT PINK,8,FL
gunze,N,N100,42576,FLUORESCENT GREEN,8,FL
gunze,N,N101,15539236,FLUORESCENT RED,8,FL
gunze,N,N127,10662272,COCKPIT COLOR （NAKAJIMA）,8,SG
gunze,N,BN01,16777215,BASE WHITE,8,M
gunze,N,BN02,5135972,BASE GRAY,8,M
gunze,N,BN03,11482182,BASE RED,8,M
gunze,N,BN04,16300108,BASE YELLOW,8,M
gunze,N,BN05,32196,BASE BLUE,8,M
gunze,N,BN06,27493,BASE GREEN,8,M
gunze,N,NF01,15837875,STRAWBERRY PINK,8,M
gunze,N,NF02,16042689,MILKY CORAL,8,M
gunze,N,NF03,15390908,CREAMY BEIGE,8,M
gunze,N,NF04,10408865,GRASS GREEN,8,M
gunze,N,NF05,11984847,MINT BLUE,8,M
gunze,N,NF06,9063270,CASSIS PINK,8,M
gunze,N,NF07,10692946,WINE RED,8,M
gunze,N,NF08,8478601,GRAYISH PURPLE,8,M
gunze,N,NF09,7891765,ANTIQUE GOLD,8,M
gunze,CL,CL01,16568503,WHITE PEACH,1,G
gunze,CL,CL02,10714486,COCOA MILK,1,G
gunze,CL,CL03,16435135,CLEAR PALE RED,1,C
gunze,CL,CL04,16567196,CLEAR PALE ORANGE,1,C
gunze,CL,CL05,16226670,CLEAR PALE BROWN,1,C
gunze,CL,CL06,16777215,CLEAR WHITE,1,C
gunze,CL,CL07,16364717,ROSY PEACH,1,G
gunze,CL,CL08,16710645,NUTS WHITE,1,G
gunze,CL,CL09,16777215,SMOOTH PEARL COAT,1,G
gunze,CL,CL101,15790233,BLONDE,1,G
gunze,CL,CL102,12867384,COPPER BROWN,1,G
gunze,CL,CL103,4013374,BLACK HAIR,1,G
gunze,CL,CL104,15176896,PINK PURPLE,1,G
gunze,CL,CL105,12622278,LILACK,1,G
gunze,CL,CL106,16777215,ICY WHITE,1,G
gunze,CL,CL107,10789009,FLAXEN,1,G
gunze,CL,CL108,42671,PALE BLUE-GREEN,1,G
gunze,CL,CL109,9751662,LIME GREEN,1,G
gunze,CL,CL110,15610732,SCARLET,1,G
gunze,CL,CL111,6013935,AZURE,1,G
gunze,V,BC01,16430235,PALE ORANGE,1,G
gunze,V,BC02,15818579,CARROT ORANGE,1,G
gunze,V,BC03,16362127,MILKY PEACH,1,G
gunze,V,BC04,16026516,CORAL PINK,1,G
gunze,SVC,SVC1,16777215,WHITE,8,G
gunze,SVC,SVC2,2301728,BLACK,8,G
gunze,SVC,SVC3,15605027,RED,8,G
gunze,SVC,SVC4,16768001,YELLOW,8,G
gunze,SVC,SVC5,88746,BLUE,8,G
gunze,SVC,SVC6,13750996,SILVER,8,ME
gunze,SVC,SVC7,14397233,GOLD,8,ME
gunze,SVC,SVC8,2440012,METALLIC BLACK,8,ME
gunze,UG,UG01,15463414,MS WHITE,1,SG
gunze,UG,UG02,86944,MS BLUE,1,SG
gunze,UG,UG03,16562707,MS YELLOW,1,SG
gunze,UG,UG04,13184046,MS RED,1,SG
gunze,UG,UG05,2895921,U.N.T'.s MS GRAY,1,SG
gunze,UG,UG06,8956815,MS GREEN,1,SG
gunze,UG,UG07,5140310,MS DEEP GREEN,1,SG
gunze,UG,UG08,10257853,MS PURPLE,1,SG
gunze,UG,UG09,5198690,ZEON'S MS GRAY,1,SG
gunze,UG,UG010,14445680,MS CHAR'S PINK,1,SG
gunze,UG,UG011,8990287,MS CHAR'S RED,1,SG
gunze,UG,UG012,13706026,MS SAZABI RED,1,SG
gunze,UG,UG013,1002656,A.E.U.G'.s MS BLUE,1,SG
gunze,UG,UG014,4423361,MS LIGHT BLUE,1,SG
gunze,UG,UG015,262415,MS PHANTOM GRAY,1,SG
gunze,UG,UG016,526615,MS TITANS BLUE 1,1,SG
gunze,UG,UG017,527960,MS TITANS BLUE 2,1,SG
gunze,UG,UG018,14019547,RX-78 WHITE,1,SG
gunze,UG,UG019,40919,RX-78 BLUE,1,SG
gunze,UG,UG020,15676458,RX-78 RED,1,SG
gunze,UG,UG021,16494615,RX-78 YELLOW,1,SG
gunze,UG,UG022,7483958,MS-06S RED,1,SG
gunze,UG,UG023,15751536,MS-06S PINK,1,SG
gunze,UG,UG024,14228814,TRANS-AM RED PEARL,1,G
gunze,UG,UG025,15677557,TRANS-AM HIGHLIGHT RED,1,G
gunze,UG,HUG01,15463414,RX-78-2 GUNDAM WHITE,8,SG
gunze,UG,HUG02,86944,RX-78-2 GUNDAM BLUE,8,SG
gunze,UG,HUG03,16562707,RX-78-2 GUNDAM YELLOW,8,SG
gunze,UG,HUG04,15605027,RX-78-2 GUNDAM RED,8,SG
gunze,UG,HUG05,14445680,PINK FOR CHAR AZNABLE,8,SG
gunze,UG,HUG06,8990287,RED FOR CHAR AZNABLE,8,SG
gunze,UG,HUG07,985877,MS PHANTOM GRAY,8,SG
gunze,UG,HUG08,526615,MS TITANS BLUE 1,8,SG
gunze,UG,HUG09,527960,MS TITANS BLUE 2,8,SG
gunze,UG,HUG101,5604011,SWORD STRIKE BLUE,8,SG
gunze,UG,HUG102,3890002,LAUNCHER STRIKE GREEN,8,SG
gunze,UG,HUG103,15783398,STRIKE ROUGE PINK,8,SG
gunze,UG,HUG104,11779006,DEACTIVE WHITE,8,SG
gunze,UG,HUG105,5991287,DEACTIVE GRAY,8,SG
gunze,UG,HUG106,2301728,DEACTIVE BLACK,8,SG
gunze,UG,HUG107,30911,FREEDOM BLUE,8,SG
gunze,UG,HUG108,11954310,JUSTICE PINK,8,SG
gunze,UG,HUG201,14165544,SWORD IMPULSE RED,8,SG
gunze,UG,HUG202,3955249,BLAST IMPULSE GREEN,8,SG
gunze,UG,HUG203,7189168,SKY BLUE FOR YZAK JULE,8,SG
gunze,UG,HUG204,13445203,PINK FOR LUNAMARIA HAWKE,8,SG
gunze,UG,HUG205,12753349,PURPLE FOR REY ZA BURREL,8,SG
gunze,UG,HUG206,12919879,DESTINY RED,8,SG
gunze,UG,HUG207,15822999,LIVE CONCERT PINK,8,SG
gunze,UG,HUG208,16090144,ORANGE FOR HEINE WESTENFLUSS,8,SG
gunze,UG,HUG301,3107238,RISING FREEDOM BLUE,8,SG
gunze,UG,HUG302,11944015,IMMORTAL JUSTICE RED,8,SG
gunze,UG,HUG303,2301728,BLACK KNIGHT SQUAD BLACK,8,SG
gunze,UG,HUG304,5209022,GYAN STROM (AGNES CUSTOM) BLUE,8,SG
gunze,UG,HUG305,524342,MIGHTY STRIKE FREEDOM DARK BLUE,8,SG
gunze,UG,HUG306,13325674,INFINITE JUSTICE TYPE II RED,8,SG
gunze,UG,HUG307,8289941,DUEL BLITZ BLUE GRAY,8,SG
gunze,UG,HUG308,15921644,LIGHTNING BUSTER WHITE,8,SG
gunze,UG,XHUG01,5209022,GUNDAM AERIAL BLUE,8,SG
gunze,UG,XHUG02,16317181,GUNDAM AERIAL WHITE,8,SG
gunze,UG,XHUG03,8422021,GUNDAM AERIAL GRAY,8,SG
gunze,UG,XHUG04,11611261,GUNDAM LFRITH PINK,8,SG
gunze,UG,XHUG05,8814214,GUNDAM LFRITH GRAY,8,SG
gunze,UG,XHUG06,13290649,CHUCHUʼS DEMI TRAINER YELLOW,8,SG
gunze,UG,XHUG07,10370101,DARILBALDE RED,8,SG
gunze,UG,XHUG08,6383479,GUNDAM PHARACT GRAY,8,SG
gunze,UG,XHUG09,10591933,MICHAELIS PURPLE,8,SG
gunze,UG,XHUG10,5459318,BEGUIR-PENTE VIOLET,8,SG
gunze,UG,XHUG11,3439738,GUNDAM LFRITH UR GREEN,8,SG
gunze,UG,XHUG12,9535862,GUNDAM LFRITH THORN BROWN,8,SG
gunze,UG,XHUG13,3623790,GUNDAM AERIAL REBUILD BLUE,8,SG
gunze,V,HMS01,15912623,BODY COLOR A,8,SG
gunze,V,HMS02,16376263,BODY COLOR B,8,SG
gunze,V,HMS03,14722697,BODY COLOR C,8,SG
gunze,V,HMS04,16239298,CLEAR PALE RED,8,C
gunze,V,HMS05,16567197,CLEAR PALE ORANGE,8,C
gunze,V,HMS06,16294775,CLEAR PALE BROWN,8,C
gunze,V,HMS07,16777215,CLEAR WHITE,8,C
gunze,V,HMS08,16777215,SMOOTH PEARL CORT,8,SG
gunze,W,WC01,2170397,MULTI BLACK WEATHERING COLOR,1,W
gunze,W,WC02,2563091,GROUND BROWN WEATHERING COLOR,1,W
gunze,W,WC03,6435106,STAIN BROWN WEATHERING COLOR,1,W
gunze,W,WC04,13812654,SANDY WASH WEATHERING COLOR,1,W
gunze,W,WC05,14540253,MULTI WHITE WEATHERING COLOR,1,W
gunze,W,WC06,6579562,MULTI GRAY WEATHERING COLOR,1,W
gunze,W,WC07,9204823,GRAYISH BROWN WEATHERING COLOR,1,W
gunze,W,WC08,12614983,RUST ORANGE WEATHERING COLOR,1,W
gunze,W,WC09,1456230,SHADE BLUE FILTER LIQUID,1,W
gunze,W,WC10,15715656,SPOT YELLOW FILTER LIQUID,1,W
gunze,W,WC11,8811417,LAYER VIOLET FILTER LIQUID,1,W
gunze,W,WC12,3823674,FACE GREEN FILTER LIQUID,1,W
gunze,W,WT01,16777215,WHITE WEATHERING COLOR GOUACHE,8,W
gunze,W,WT02,197379,BLACK WEATHERING COLOR GOUACHE,8,W
gunze,W,WT03,7235422,LIGHT MUD BLOWN WEATHERING COLOR GOUACHE,8,W
gunze,W,WT04,14976589,LIGHT RUST WEATHERING COLOR GOUACHE,8,W
gunze,W,WT05,13813942,LIGHT DUST WEATHERING COLOR GOUACHE,8,W
gunze,W,WT06,11642017,BURNT UMBER WEATHERING COLOR GOUACHE,8,W
gunze,W,MIG01,6377256,DARK WASH WWⅡ WESTERN FRONT,1,W
gunze,W,MIG02,6041372,DARK STREAKING GRIME WWⅡ WESTERN FRONT,1,W
gunze,W,MIG03,16249823,DRY MUD WWⅡ WESTERN FRONT,1,W
gunze,W,MIG04,15195842,EUROPE DUST WWⅡ WESTERN FRONT,1,W
gunze,W,MIG05,5655335,WINTER WASH WWⅡ EASTERN FRONT,1,W
gunze,W,MIG06,3482389,WINTER STREAKING GRIME WWⅡ EASTERN FRONT,1,W
gunze,W,MIG07,5519903,FRESH DARK MUD WWⅡ EASTERN FRONT,1,W
gunze,W,MIG08,12748897,DRY EARTH WWⅡ EASTERN FRONT,1,W
gunze,W,MIG09,15390881,SAND FILTER WWⅡ AFRIKA KORPS,1,W
gunze,W,MIG10,5521184,WINTER STREAKING GRIME WWⅡ AFRIKA KORPS,1,W
gunze,W,MIG11,13673333,GREY STREAKING GRIME WWⅡ AFRIKA KORPS,1,W
gunze,W,MIG12,16249797,LIGHT DUST WWⅡ AFRIKA KORPS,1,W
gunze,W,MIG13,2296327,FUEL & OIL,1,W
gunze,W,MIG14,8412723,EARTH & GRIME,1,W
gunze,W,MIG15,5518363,CHIPPING,8,W
gunze,W,MIG16,11614766,RUST,1,W
gunze,V,CA01,3816253,GLAY TONE 1,1,G
gunze,V,CA02,7237747,GLAY TONE 2,1,G
gunze,V,CA03,10592934,GLAY TONE 3,1,G
gunze,V,CA04,14540254,GLAY TONE 4,1,G
gunze,V,CA05,5985108,CARBON GLAY,1,SG
gunze,V,CRE01,7286322,CRANBERRY RED PEARL,1,PA
gunze,V,CRE02,2604478,CERULEAN BLUE,1,G
gunze,V,CRE03,3623487,BRITISH GREEN,1,G
gunze,V,UM01,9935260,ULTRA SILVER,1,ME
gunze,V,UM02,14002216,ULTRA GOLD,1,ME
gunze,V,CV01,11554112,VELVET RED,1,ME
gunze,V,CV02,2052755,VELVET BLUE,1,ME
gunze,V,CV03,3570783,VELVET GREEN,1,ME
gunze,V,LAC101,2301728,ALUMITE BLACK,1,SG
gunze,V,LAC102,5327174,PARKER GUN METALLIC,1,ME
gunze,V,LAC103,11053485,STAINLESS SILVER,1,ME
gunze,V,LAC104,11593,BLUED GUN METALLIC,1,ME
gunze,V,LAC105,9338958,FLAT DARK EARTH 1,1,M
gunze,V,LAC106,8876121,FLAT DARK EARTH 2,1,M
gunze,V,XGC01,14737886,BRUNHILD WHITE,1,G
gunze,V,XGC02,3768971,HYPERION GREEN,1,G
gunze,V,XGC03,8756856,FREE PLANETS ALLIANCE STANDARD BATTLESHIP GREEN,1,G
tamiya,TS,TS1,8346180,レッド ブラウン,1,U
tamiya,AS,AS1,2312517,暗緑色,1,M
tamiya,PS,PS1,16777215,ホワイ,1,G
tamiya,LP,LP1,2300182,ブラック,1,G
tamiya,X,X1,2300182,ブラック,6,G
tamiya,XF,XF1,2300182,フラット ブラック,6,M
tamiya,TS,TS2,2182717,ダーク グリーン,1,U
tamiya,AS,AS2,10726312,明灰白色,1,M
tamiya,PS,PS2,15073299,レッド,1,G
tamiya,LP,LP2,16777215,ホワイト,1,G
tamiya,X,X2,2300182,ホワイト,6,G
tamiya,XF,XF2,16777215,フラット ホワイト,6,M
tamiya,TS,TS3,13218891,ダーク イエロー,1,U
tamiya,AS,AS3,2644320,グレイ グリーン,1,M
tamiya,PS,PS3,42474,ライトブルー,1,G
tamiya,LP,LP3,2300182,フラット ブラック,1,M
tamiya,X,X3,1455456,ロイヤル ブルー,6,G
tamiya,XF,XF3,16769280,フラット イエロー,6,M
tamiya,TS,TS4,4739415,ジャーマン グレイ,1,U
tamiya,AS,AS4,3557713,グレイ バイオレット,1,M
tamiya,PS,PS4,16536,ブルー,1,G
tamiya,LP,LP4,16777215,フラット ホワイト,1,M
tamiya,X,X4,20130,ブルー,6,G
tamiya,XF,XF4,12173863,イエロー グリーン,6,M
tamiya,TS,TS5,4807997,オリーブ ドラブ,1,U
tamiya,AS,AS5,9287095,ライト ブルー,1,M
tamiya,PS,PS5,2300182,ブラック,1,G
tamiya,LP,LP5,2300182,セミグロス ブラック,1,SG
tamiya,X,X5,27461,グリーン,6,G
tamiya,XF,XF5,5997409,フラット グリーン,6,M
tamiya,TS,TS6,2300182,マット ブラック,1,U
tamiya,AS,AS6,4807997,オリーブ ドラブ,1,M
tamiya,PS,PS6,16773376,イエロー,1,G
tamiya,LP,LP6,23468,ピュアー ブルー,1,G
tamiya,X,X6,15559680,オレンジ,6,G
tamiya,XF,XF6,12864807,コッパー,6,ME
tamiya,TS,TS7,16776952,レーシング ホワイト,1,U
tamiya,AS,AS7,9805989,ニュートラル グレイ,1,M
tamiya,PS,PS7,15694336,オレンジ,1,G
tamiya,LP,LP7,15073299,ピュアー レッド,1,G
tamiya,X,X7,15073299,レッド,6,G
tamiya,XF,XF7,15073309,フラット レッド,6,M
tamiya,TS,TS8,15073299,イタリアン レッド,1,U
tamiya,AS,AS8,13958,ネービー ブルー,1,M
tamiya,PS,PS8,6010161,ライト グリーン,1,G
tamiya,LP,LP8,16773376,ピュアー イエロー,1,G
tamiya,X,X8,16768512,レモン イエロー,6,G
tamiya,XF,XF8,26772,フラット ブルー,6,M
tamiya,TS,TS9,22587,ブリティッシュ グリーン,1,U
tamiya,AS,AS9,4871220,ダーク グリーン,1,M
tamiya,PS,PS9,19251,グリーン,1,G
tamiya,LP,LP9,16777215,クリヤー,1,C
tamiya,X,X9,7616303,ブラウン,6,G
tamiya,XF,XF9,6368560,ハルレッド,6,M
tamiya,TS,TS10,35023,フレンチ ブルー,1,U
tamiya,AS,AS10,8689835,オーシャン グレイ,1,M
tamiya,PS,PS10,7489176,パープル,1,G
tamiya,LP,LP10,16777215,ラッカー 溶剤,1,C
tamiya,X,X10,5855063,ガン メタル,6,ME
tamiya,XF,XF10,5191731,フラット ブラウン,6,M
tamiya,TS,TS11,6756895,マルーン,1,U
tamiya,AS,AS11,12172202,ミディアム シーグレイ,1,M
tamiya,PS,PS11,15835331,ピンク,1,G
tamiya,LP,LP11,14606303,シルバー,1,ME
tamiya,X,X11,14145496,クローム シルバー,6,ME
tamiya,XF,XF11,18234,暗緑色,6,M
tamiya,TS,TS12,15762176,オレンジ,1,U
tamiya,AS,AS12,13224650,シルバー メタル,1,ME
tamiya,PS,PS12,14013910,シルバー,1,ME
tamiya,LP,LP12,7437445,呉海軍工廠 グレイ(日本海軍),1,M
tamiya,X,X12,13477633,ゴールド リーフ,6,ME
tamiya,XF,XF12,13226691,明灰白色,6,M
tamiya,TS,TS13,16777215,クリヤー,1,C
tamiya,AS,AS13,3558971,グリーン,1,M
tamiya,PS,PS13,15514624,ゴールド,1,ME
tamiya,LP,LP13,5461856,佐世保海軍工廠 グレイ(日本海軍),1,M
tamiya,X,X13,24969,メタリック ブルー,6,ME
tamiya,XF,XF13,83266,濃緑色,6,M
tamiya,TS,TS14,2300182,ブラック,1,U
tamiya,AS,AS14,4481343,オリーブ グリーン,1,M
tamiya,PS,PS14,13393175,コッパー,1,ME
tamiya,LP,LP14,8224902,舞鶴海軍工廠 グレイ(日本海軍),1,M
tamiya,X,X14,42474,スカイ ブルー,6,G
tamiya,XF,XF14,15592665,明灰緑色,6,M
tamiya,TS,TS15,18333,ブルー,1,U
tamiya,AS,AS15,12360038,タン,1,M
tamiya,PS,PS15,15073299,メタリック レッド,1,ME
tamiya,LP,LP15,6515572,横須賀海軍工廠 グレイ(日本海軍),1,M
tamiya,X,X15,7519019,ライト グリーン,6,G
tamiya,XF,XF15,16436623,フラット フレッシュ,6,M
tamiya,TS,TS16,16773376,イエロー,1,U
tamiya,AS,AS16,13684161,ライト グレイ,1,M
tamiya,XF,XF16,12040376,フラット アルミ,6,ME
tamiya,PS,PS16,26807,メタリック ブルー,1,ME
tamiya,LP,LP16,12562310,木甲板色,1,M
tamiya,X,X16,5654926,パープル,6,G
tamiya,TS,TS17,14474717,アルミ シルバー,1,ME
tamiya,AS,AS17,810572,濃緑色,1,M
tamiya,XF,XF17,1063512,シーブルー,6,M
tamiya,PS,PS17,33858,メタリック グリーン,1,ME
tamiya,LP,LP17,6179379,リノリウム 甲板色,1,M
tamiya,X,X17,15631538,ピンク,6,G
tamiya,TS,TS18,15073342,メタリック レッド,1,ME
tamiya,AS,AS18,10991028,明灰緑色,1,M
tamiya,XF,XF18,555168,ミディアム ブルー,6,M
tamiya,PS,PS18,4802962,メタリック パープル,1,ME
tamiya,LP,LP18,9912618,ダルレッド,1,M
tamiya,X,X18,2300182,セミグロス ブラック,6,G
tamiya,TS,TS19,22178,メタリック ブルー,1,ME
tamiya,AS,AS19,5872310,インターミディ エイトブルー,1,M
tamiya,XF,XF19,13226441,スカイ グレイ,6,M
tamiya,PS,PS19,16500224,キャメル イエロー,1,G
tamiya,LP,LP19,5855063,ガンメタル,1,ME
tamiya,X,X19,13093064,スモーク,6,G
tamiya,TS,TS20,40769,メタリック グリーン,1,ME
tamiya,AS,AS20,14539990,インシグニア ホワイト,1,M
tamiya,XF,XF20,11582647,ミディアム グレイ,6,M
tamiya,PS,PS20,15073299,蛍光 レッド,1,FL
tamiya,LP,LP20,9013641,ライト ガンメタル,1,ME
tamiya,X,X20,16777215,エナメル 溶剤,6,C
tamiya,X,X20A,16777215,アクリル 溶剤,6,C
tamiya,TS,TS21,14070784,ゴールド,1,ME
tamiya,AS,AS21,16948,暗緑色2 (日本海軍),1,M
tamiya,XF,XF21,15266253,スカイ,6,M
tamiya,PS,PS21,39236,パーク グリーン,1,G
tamiya,LP,LP21,15073299,イタリアン レッド,1,G
tamiya,X,X21,16777215,フラット ベース,6,M
tamiya,TS,TS22,14409728,ライト グリーン,1,U
tamiya,AS,AS22,8281169,ダークアース,1,M
tamiya,XF,XF22,5399399,RLM グレイ,6,M
tamiya,PS,PS22,29767,レーシング グリーン,1,G
tamiya,LP,LP22,16777215,フラット ベース,1,M
tamiya,X,X22,16777215,クリヤー,6,C
tamiya,TS,TS23,41449,ライト ブルー,1,U
tamiya,AS,AS23,3959092,ライトグリーン (ドイツ空軍),1,M
tamiya,XF,XF23,8309982,ライト ブルー,6,M
tamiya,PS,PS23,5723477,ガンメタル,1,ME
tamiya,LP,LP23,16777215,フラット クリヤー,1,C
tamiya,X,X23,42730,クリヤー ブルー,6,C
tamiya,TS,TS24,5654926,パープル,1,U
tamiya,AS,AS24,2379572,ダークグリーン (ドイツ空軍),1,M
tamiya,XF,XF24,3303544,ダーク グレイ,6,M
tamiya,PS,PS24,15289131,蛍光 オレンジ,1,FL
tamiya,LP,LP24,16777215,セミグロス クリヤー,1,C
tamiya,X,X24,16770304,クリヤー イエロー,6,C
tamiya,TS,TS25,16037072,ピンク,1,U
tamiya,AS,AS25,8430000,ダーク ゴーストグレイ,1,M
tamiya,XF,XF25,8690342,ライト シーグレイ,6,M
tamiya,PS,PS25,32597,ブライト グリーン,1,G
tamiya,LP,LP25,8346670,茶色 (陸上自衛隊),1,M
tamiya,X,X25,40513,クリヤー グリーン,6,C
tamiya,TS,TS26,16777215,ピュアー ホワイト,1,U
tamiya,AS,AS26,10007745,ライト ゴーストグレイ,1,M
tamiya,XF,XF26,681025,ディープ グリーン,6,M
tamiya,LP,LP26,1663034,濃緑色 (陸上自衛隊),1,M
tamiya,X,X26,15695360,クリヤー オレンジ,6,C
tamiya,TS,TS27,16777215,マット ホワイト,1,U
tamiya,AS,AS27,9281705,ガンシップ グレイ2,1,M
tamiya,XF,XF27,17969,ブラック グリーン,6,M
tamiya,PS,PS27,16773376,蛍光 イエロー,1,FL
tamiya,LP,LP27,4417656,ジャーマン グレイ,1,M
tamiya,X,X27,15073337,クリヤー レッド,6,C
tamiya,TS,TS28,3955767,オリーブ ドラブ2,1,U
tamiya,AS,AS28,9281705,ミディアム グレイ,1,M
tamiya,XF,XF28,10846307,ダーク コッパー,6,ME
tamiya,PS,PS28,10406165,蛍光 グリーン,1,FL
tamiya,LP,LP28,4741691,オリーブ ドラブ,1,M
tamiya,X,X28,39236,パーク グリーン,6,G
tamiya,TS,TS29,2300182,セミグロス ブラック,1,U
tamiya,AS,AS29,12174503,灰緑色 (日本海軍),1,M
tamiya,PS,PS29,15428516,蛍光 ピンク,1,FL
tamiya,LP,LP29,3955767,オリーブ ドラブ２,1,M
tamiya,TS,TS30,14606303,シルバー リーフ,1,ME
tamiya,AS,AS30,3495475,ダークグリーン2 (イギリス空軍),1,M
tamiya,PS,PS30,28343,ブリリアント ブルー,1,G
tamiya,LP,LP30,15054966,ライト サンド,1,M
tamiya,TS,TS31,15357189,ブライト オレンジ,1,U
tamiya,AS,AS31,7179931,オーシャングレイ2 (イギリス空軍),1,M
tamiya,PS,PS31,13156035,スモーク,1,G
tamiya,LP,LP31,16948,暗緑色２ (日本海軍),1,SG
tamiya,X,X31,14535589,チタン ゴールド,6,ME
tamiya,TS,TS32,6918041,ヘイズ グレイ,1,U
tamiya,AS,AS32,11255739,ミディアムシーグレイ2 (イギリス空軍),1,M
tamiya,PS,PS32,11719643,コルサ グレイ,1,G
tamiya,LP,LP32,13226691,明灰白色 (日本海軍),1,SG
tamiya,X,X32,14671311,チタン シルバー,6,ME
tamiya,TS,TS33,9912618,ダルレッド,1,U
tamiya,AS,AS33,7303023,カモフラージュ グレイ,1,M
tamiya,PS,PS33,13959245,チェリー レッド,1,G
tamiya,LP,LP33,12174503,灰緑色 (日本海軍),1,SG
tamiya,X,X33,8877429,ブロンズ,6,G
tamiya,TS,TS34,16432640,キャメル イエロー,1,U
tamiya,PS,PS34,15073299,ブライト レッド,1,G
tamiya,LP,LP34,13684161,ライト グレイ,1,M
tamiya,X,X34,12604936,メタリック ブラウン,6,ME
tamiya,TS,TS35,39236,パーク グリーン,1,U
tamiya,PS,PS35,5797818,ブルー バイオレット,1,G
tamiya,LP,LP35,14539990,インシグニア ホワイト,1,M
tamiya,X,X35,16777215,セミグロス クリヤー,2,C
tamiya,TS,TS36,15073299,蛍光レッド,1,FL
tamiya,PS,PS36,14474717,フロスト シルバー,1,ME
tamiya,LP,LP36,8430000,ダーク ゴーストグレイ,1,M
tamiya,TS,TS37,6297990,ラベンダー,1,U
tamiya,PS,PS37,13111869,フロスト レッド,1,G
tamiya,LP,LP37,10007745,ライト ゴーストグレイ,1,M
tamiya,TS,TS38,5855063,ガンメタル,1,ME
tamiya,PS,PS38,745133,フロスト ブルー,1,G
tamiya,LP,LP38,14474717,フラット アルミ,1,ME
tamiya,TS,TS39,13113118,マイカ レッド,1,U
tamiya,PS,PS39,42474,フロスト ライトブルー,1,G
tamiya,LP,LP39,16776952,レーシング ホワイト,1,G
tamiya,TS,TS40,4078137,メタリック ブラック,1,ME
tamiya,PS,PS40,15835331,フロスト ピンク,1,G
tamiya,LP,LP40,4078137,メタリック ブラック,1,ME
tamiya,TS,TS41,45479,コーラル ブルー,1,U
tamiya,PS,PS41,13357267,ブライト シルバー,1,ME
tamiya,LP,LP41,14734,マイカ ブルー,1,G
tamiya,TS,TS42,9013641,ライト ガンメタル,1,ME
tamiya,PS,PS42,16773376,フロスト イエロー,1,G
tamiya,LP,LP42,13113118,マイカ レッド,1,G
tamiya,TS,TS43,19506,レーシング グリーン,1,U
tamiya,PS,PS43,15762176,フロスト オレンジ,1,G
tamiya,LP,LP43,16777215,パール ホワイト,1,G
tamiya,TS,TS44,26030,ブリリアント ブルー,1,U
tamiya,PS,PS44,41041,フロスト グリーン,1,G
tamiya,LP,LP44,15628288,メタリック オレンジ,1,ME
tamiya,TS,TS45,16777215,パール ホワイト,1,U
tamiya,PS,PS45,5786781,フロスト パープル,1,G
tamiya,LP,LP45,15504,レーシング ブルー,1,G
tamiya,TS,TS46,15054966,ライト サンド,1,U
tamiya,LP,LP46,14614545,ピュアー メタリックレッド,1,ME
tamiya,TS,TS47,16769280,クローム イエロー,1,U
tamiya,LP,LP47,15504,パール ブルー,1,G
tamiya,TS,TS48,7374996,ガンシップ グレイ,1,U
tamiya,PS,PS48,14541541,サテンシルバー アルマイト,1,ME
tamiya,LP,LP48,14606303,スパークリング シルバー,1,ME
tamiya,TS,TS49,15073299,ブライト レッド,1,U
tamiya,XF,XF49,10194739,カーキ,6,M
tamiya,PS,PS49,9815523,スカイブルー アルマイト,1,G
tamiya,LP,LP49,16316664,パール クリヤー,1,C
tamiya,TS,TS50,14734,マイカ ブルー,1,U
tamiya,XF,XF50,819621,フィールド ブルー,6,M
tamiya,PS,PS50,13935554,スパークル ピンクアルマイト,1,G
tamiya,LP,LP50,15073299,ブライト レッド,1,G
tamiya,TS,TS51,15504,レーシング ブルー,1,U
tamiya,XF,XF51,5726044,カーキ ドラブ,6,M
tamiya,PS,PS51,8686268,パープル アルマイト,1,G
tamiya,LP,LP51,15830272,ピュアー オレンジ,1,G
tamiya,TS,TS52,2272313,キャンディー ライムグリーン,1,U
tamiya,XF,XF52,10045744,フラット アース,6,M
tamiya,PS,PS52,14075511,シャンパン ゴールドアルマイト,1,ME
tamiya,LP,LP52,15073337,クリヤー レッド,1,C
tamiya,TS,TS53,203882,ディープ メタリックブルー,1,ME
tamiya,XF,XF53,7439502,ニュートラル グレイ,6,M
tamiya,LP,LP53,15829248,クリヤー オレンジ,1,C
tamiya,TS,TS54,31402,ライト メタリックブルー,1,ME
tamiya,XF,XF54,11317939,ダーク シーグレイ,6,M
tamiya,PS,PS54,42134,コバルト グリーン,1,G
tamiya,LP,LP54,5391155,ダークアイアン (履帯色),1,M
tamiya,TS,TS55,12117,ダーク ブルー,1,U
tamiya,XF,XF55,13352610,デッキタン,6,M
tamiya,PS,PS55,16777215,フラット クリヤー,1,C
tamiya,LP,LP55,13218891,ダークイエロー２ (ドイツ陸軍),1,M
tamiya,TS,TS56,15762176,ブリリアント オレンジ,1,U
tamiya,XF,XF56,7500145,メタリック グレイ,6,ME
tamiya,PS,PS56,14004736,マスタード イエロー,1,G
tamiya,LP,LP56,5997409,ダークグリーン２ (ドイツ陸軍),1,M
tamiya,TS,TS57,5797818,ブルー バイオレット,1,U
tamiya,XF,XF57,13346683,バフ,6,M
tamiya,PS,PS57,16777215,パール ホワイト,1,G
tamiya,LP,LP57,5191731,レッドブラウン２ (ドイツ陸軍),1,M
tamiya,TS,TS58,7971530,パール ライトブルー,1,U
tamiya,XF,XF58,2115639,オリーブ グリーン,6,M
tamiya,PS,PS58,16777215,パール クリヤー,1,C
tamiya,LP,LP58,2511928,NATO グリーン,1,M
tamiya,TS,TS59,13603750,パール ライトレッド,1,U
tamiya,XF,XF59,15976327,デザート イエロー,6,M
tamiya,PS,PS59,12661,ダークメタリック ブルー,1,ME
tamiya,LP,LP59,6966065,NATO ブラウン,1,M
tamiya,TS,TS60,9028777,パール グリーン,1,U
tamiya,XF,XF60,13152833,ダーク イエロー,6,M
tamiya,PS,PS60,15073299,ブライト マイカレッド,1,G
tamiya,LP,LP60,2300182,NATO ブラック,1,M
tamiya,TS,TS61,2511928,NATO グリーン,1,U
tamiya,XF,XF61,17969,ダーク グリーン,6,M
tamiya,PS,PS61,14777088,メタリック オレンジ,1,ME
tamiya,LP,LP61,7500145,メタリック グレイ,1,ME
tamiya,TS,TS62,6966065,NATO ブラウン,1,U
tamiya,XF,XF62,4741691,オリーブ ドラブ,6,M
tamiya,PS,PS62,15830272,ピュアー オレンジ,1,G
tamiya,LP,LP62,14404244,チタン ゴールド,1,ME
tamiya,TS,TS63,3088677,NATO ブラック,1,U
tamiya,XF,XF63,4417656,ジャーマン グレイ,6,M
tamiya,PS,PS63,8490387,ブライト ガンメタル,1,ME
tamiya,LP,LP63,14539983,チタン シルバー,1,ME
tamiya,TS,TS64,9279,ダーク マイカブルー,1,U
tamiya,XF,XF64,5257512,レッド ブラウン,6,M
tamiya,LP,LP64,2511928,OD色 (陸上自衛隊),1,M
tamiya,TS,TS65,16777215,パール クリヤー,1,C
tamiya,XF,XF65,4156278,フィールド グレイ,6,M
tamiya,LP,LP65,2300182,ラバー ブラック,1,M
tamiya,TS,TS66,7437445,呉海軍工廠 グレイ(日本海軍),1,U
tamiya,XF,XF66,5335670,ライト グレイ,6,M
tamiya,LP,LP66,16436623,フラット フレッシュ,1,M
tamiya,TS,TS67,5461856,佐世保海軍工廠 グレイ(日本海軍),1,U
tamiya,XF,XF67,2511928,NATO グリーン,2,M
tamiya,LP,LP67,13093064,スモーク,1,G
tamiya,TS,TS68,12562310,木甲板色,1,U
tamiya,XF,XF68,6966065,NATO ブラウン,2,M
tamiya,LP,LP68,42730,クリヤー ブルー,1,C
tamiya,TS,TS69,6179379,リノリウム 甲板色,1,U
tamiya,XF,XF69,2300182,NATO ブラック,2,M
tamiya,LP,LP69,16770304,クリヤー イエロー,1,C
tamiya,TS,TS70,2511928,OD色 (陸上自衛隊),1,U
tamiya,XF,XF70,16948,暗緑色2,6,M
tamiya,LP,LP70,14474717,アルミ シルバー,1,ME
tamiya,TS,TS71,13288648,スモーク,1,U
tamiya,XF,XF71,7706741,コックピット色 (日本海軍),6,M
tamiya,LP,LP71,13813915,シャンパン ゴールド,1,ME
tamiya,TS,TS72,45013,クリヤー ブルー,1,C
tamiya,XF,XF72,8346670,茶色 (陸上自衛隊),2,M
tamiya,LP,LP72,13949404,マイカ シルバー,1,ME
tamiya,TS,TS73,15829248,クリヤー オレンジ,1,C
tamiya,XF,XF73,1663034,濃緑色 (陸上自衛隊),2,M
tamiya,LP,LP73,10194739,カーキ,1,M
tamiya,TS,TS74,15073337,クリヤー レッド,1,C
tamiya,XF,XF74,2511928,OD色 (陸上自衛隊),2,M
tamiya,LP,LP74,10045744,フラットアース,1,M
tamiya,TS,TS75,13813915,シャンパン ゴールド,1,ME
tamiya,XF,XF75,7437445,呉海軍工廠 グレイ(日本海軍),2,M
tamiya,LP,LP75,13346683,バフ,1,M
tamiya,TS,TS76,14474717,マイカ シルバー,1,ME
tamiya,XF,XF76,12174503,灰緑色 (日本海軍),2,M
tamiya,LP,LP76,11699024,イエローブラウン (DAK 1941〜),1,M
tamiya,TS,TS77,16436623,フラット フレッシュ,1,M
tamiya,XF,XF77,5461856,佐世保海軍工廠 グレイ(日本海軍),2,M
tamiya,LP,LP77,15119214,ライトブラウン (DAK 1942〜),1,M
tamiya,TS,TS78,4156278,フィールド グレイ,1,U
tamiya,XF,XF78,12562310,木甲板色,2,M
tamiya,LP,LP78,26772,フラット ブルー,1,M
tamiya,TS,TS79,16777215,セミグロス クリヤー,1,C
tamiya,XF,XF79,6179379,リノリウム 甲板色,2,M
tamiya,LP,LP79,15073309,フラット レッド,1,M
tamiya,TS,TS80,16777215,フラット クリヤー,1,C
tamiya,XF,XF80,12700361,ロイヤル ライトグレイ,2,M
tamiya,LP,LP80,16769280,フラット イエロー,1,M
tamiya,TS,TS81,12700361,ロイヤル ライトグレイ,1,U
tamiya,XF,XF81,3495475,ダークグリーン2 (イギリス空軍),2,M
tamiya,LP,LP81,2042726,調色用 ブルー,1,G
tamiya,TS,TS82,2300182,ラバー ブラック,1,U
tamiya,XF,XF82,7114138,オーシャングレイ2 (イギリス空軍),2,M
tamiya,LP,LP82,13111869,調色用 レッド,1,G
tamiya,TS,TS83,12699084,メタル シルバー,1,ME
tamiya,XF,XF83,11255738,ミディアムシーグレイ2 (イギリス空軍),2,M
tamiya,LP,LP83,16701184,調色用 イエロー,1,G
tamiya,TS,TS84,13812604,メタル ゴールド,1,ME
tamiya,XF,XF84,5391155,ダークアイアン (履帯色),6,M
tamiya,LP,LP84,7303023,カモフラージュ グレイ,1,M
tamiya,TS,TS85,15073299,ブライト マイカレッド,1,U
tamiya,XF,XF85,2300182,ラバー ブラック,6,M
tamiya,LP,LP85,8684676,ミディアム エアーグレイ,1,M
tamiya,TS,TS86,15073299,ピュアー レッド,1,U
tamiya,XF,XF86,16777215,フラット クリヤー,2,C
tamiya,TS,TS87,14404244,チタン ゴールド,1,ME
tamiya,XF,XF87,8224902,舞鶴海軍工廠 グレイ(日本海軍),2,M
tamiya,TS,TS88,14539983,チタン シルバー,1,ME
tamiya,XF,XF88,13218891,ダークイエロー2 (ドイツ陸軍),2,M
tamiya,TS,TS89,15504,パール ブルー,1,U
tamiya,XF,XF89,5997409,ダークグリーン2 (ドイツ陸軍),2,M
tamiya,TS,TS90,8346670,茶色 (陸上自衛隊),1,U
tamiya,XF,XF90,5191731,レッドブラウン2 (ドイツ陸軍),2,M
tamiya,TS,TS91,1663034,濃緑色 (陸上自衛隊),1,U
tamiya,XF,XF91,6515572,横須賀海軍工廠 グレイ(日本海軍),2,M
tamiya,TS,TS92,15628288,メタリック オレンジ,1,ME
tamiya,XF,XF92,11699024,イエローブラウン (DAK 1941〜),2,M
tamiya,TS,TS93,23468,ピュアー ブルー,1,U
tamiya,XF,XF93,15119214,ライトブラウン (DAK 1942〜),2,M
tamiya,TS,TS94,7500145,メタリック グレイ,1,ME
tamiya,TS,TS95,14614545,ピュアー メタリックレッド,1,ME
tamiya,TS,TS96,16231168,蛍光 オレンジ,1,FL
tamiya,TS,TS97,16771584,パール イエロー,1,U
tamiya,TS,TS98,15964160,ピュアー オレンジ,1,U
tamiya,TS,TS99,8224902,舞鶴海軍工廠 グレイ(日本海軍),1,U
tamiya,TS,TS100,7438215,ブライトガンメタル (セミグロス),1,ME
tamiya,TS,TS101,16777215,ベース ホワイト,1,U
tamiya,TS,TS102,42134,コバルト グリーン,1,U
ak,IC,AK11001,16777215,White,8,M
ak,S,AK11002,15132122,Offwhite,8,M
ak,S,AK11003,15790568,White Grey,8,M
ak,S,AK11004,15591872,Ivory,8,M
ak,S,AK11005,14478535,Greenish White,8,M
ak,S,AK11006,14471600,Silver Grey,8,M
ak,S,AK11007,11907216,Rock Grey,8,M
ak,S,AK11008,14205844,Grimy Grey,8,M
ak,S,AK11009,11051141,Warm Grey,8,M
ak,S,AK11010,11252380,Medium Grey,8,M
ak,S,AK11011,12306630,Blue-Grey,8,M
ak,S,AK11012,11448749,Sky Grey,8,M
ak,S,AK11013,10725549,Pale Grey,8,M
ak,S,AK11014,9802621,Medium Sea Grey,8,M
ak,S,AK11015,7434862,Dark Sea Grey,8,M
ak,S,AK11016,7699044,Grey-Green,8,M
ak,S,AK11017,7300177,Reddish Grey,8,M
ak,S,AK11018,6253157,Neutral Grey,8,M
ak,S,AK11019,6515038,Graphite,8,M
ak,S,AK11020,6580321,English Grey,8,M
ak,S,AK11021,5528664,Basalt Grey,8,M
ak,S,AK11022,4277570,Dark Grey,8,M
ak,S,AK11023,4014911,Lead Grey,8,M
ak,S,AK11024,3816758,Ash Grey,8,M
ak,S,AK11025,3158829,German Grey,8,M
ak,S,AK11026,2631453,Tenebrous Grey,8,M
ak,S,AK11027,2105365,Rubber Black,8,M
ak,S,AK11028,2237982,Smoke Black,8,M
ak,IC,AK11029,132099,Black,8,M
ak,S,AK11030,14529875,Beige,8,M
ak,S,AK11031,13215586,Buff,8,M
ak,S,AK11032,15520387,Pale Sand,8,M
ak,S,AK11033,14792798,Dark Sand,8,M
ak,S,AK11034,12817726,Medium Sand,8,M
ak,S,AK11035,14989637,Sand Yellow,8,M
ak,S,AK11036,16511118,Ice Yellow,8,M
ak,PC,AK11037,16636024,Pastel Yellow,8,M
ak,S,AK11038,16505952,Pale Yellow,8,M
ak,S,AK11039,15191882,Purulent Yellow,8,M
ak,S,AK11040,11112233,Sahara Yellow,8,M
ak,S,AK11041,16494420,Golden Yellow,8,M
ak,S,AK11042,15962921,Volcanic Yellow,8,M
ak,S,AK11043,15509040,Dirty Yellow,8,M
ak,S,AK11044,16561451,Yellow,8,M
ak,IC,AK11045,16761893,Deep Yellow,8,M
ak,S,AK11046,16765737,Radiant Yellow,8,M
ak,S,AK11047,16507187,Lemon Yellow,8,M
ak,S,AK11048,15394891,Laser Yellow,8,M
ak,S,AK11049,15263548,Fluorescent Yellow,8,FL
ak,S,AK11050,16701868,Light Flesh,8,M
ak,S,AK11051,15449215,Luminous Flesh,8,M
ak,S,AK11052,16429178,Basic Skin Tone,8,M
ak,S,AK11053,16428382,Radiant Flesh,8,M
ak,S,AK11054,12877882,Medium Flesh Tone,8,M
ak,S,AK11055,16360538,Sunny Skin Tone,8,M
ak,S,AK11056,15508292,Dark Flesh,8,M
ak,S,AK11057,12956800,Vampiric Flesh,8,M
ak,S,AK11058,11508836,Decomposed Flesh,8,M
ak,PC,AK11059,16432290,Pastel Pink,8,M
ak,S,AK11060,16362637,Sickly Pink,8,M
ak,S,AK11061,16293493,Salmon,8,M
ak,S,AK11062,16159611,Old Rose,8,M
ak,S,AK11063,13992806,Brown Rose,8,M
ak,S,AK11064,14389599,Beige Red,8,M
ak,IC,AK11065,15628175,Intense Pink,8,M
ak,S,AK11066,6554161,Laser Magenta,8,M
ak,S,AK11067,11351907,Magenta,8,M
ak,S,AK11068,15751279,Fluorescent Magenta,8,FL
ak,PC,AK11069,16572909,Pastel Violet,8,M
ak,S,AK11070,8613541,Blue Violet,8,M
ak,S,AK11071,6250097,Lilac,8,M
ak,IC,AK11072,7033709,Deep Violet,8,M
ak,S,AK11073,5325389,Purple,8,M
ak,IC,AK11074,7490410,Deep Purple,8,M
ak,S,AK11075,5189428,Violet Red,8,M
ak,PC,AK11076,16292186,Pastel Peach,8,M
ak,S,AK11077,16088901,Light Orange,8,M
ak,S,AK11078,15953982,Medium Orange,8,M
ak,S,AK11079,14509626,Burn Orange,8,M
ak,IC,AK11080,15886641,Deep Orange,8,M
ak,S,AK11081,15884588,Fluorescent Orange,8,FL
ak,S,AK11082,16156963,Luminous Orange,8,M
ak,S,AK11083,15750741,Dead Red,8,M
ak,S,AK11084,13587025,Ruby,8,M
ak,S,AK11085,15754040,Cadmium Red,8,M
ak,S,AK11086,13719603,Amaranth Red,8,M
ak,S,AK11087,13649460,Scarlet Red,8,M
ak,IC,AK11088,14757161,Deep Red,8,M
ak,S,AK11089,13119018,Blood Red,8,M
ak,S,AK11090,12866878,Vermillion,8,M
ak,S,AK11091,12076591,Carmine,8,M
ak,S,AK11092,11745831,Matt Red,8,M
ak,S,AK11093,10045488,Brick Red,8,M
ak,S,AK11094,10305592,Bordeaux Red,8,M
ak,S,AK11095,8000789,Dirty Red,8,M
ak,S,AK11096,6490639,Wine Red,8,M
ak,S,AK11097,4926498,Burnt Red,8,M
ak,S,AK11098,3809563,Black Red,8,M
ak,S,AK11099,16360548,Ocher Orange,8,M
ak,S,AK11100,13336643,Light Brown,8,M
ak,S,AK11101,11361321,Orange Brown,8,M
ak,IC,AK11102,8210731,Deep Brown,8,M
ak,S,AK11103,9981238,Medium Rust,8,M
ak,S,AK11104,6371116,Saddle Brown,8,M
ak,S,AK11105,14508070,Light Rust,8,M
ak,S,AK11106,5974029,Mahogany Brown,8,M
ak,S,AK11107,4989196,Dark Rust,8,M
ak,S,AK11108,2953479,Hull Red,8,M
ak,S,AK11109,4862996,Dark Brown,8,M
ak,S,AK11110,4008986,Leather Brown,8,M
ak,S,AK11111,2168329,Burnt Umber,8,M
ak,S,AK11112,1181956,Grim Brown,8,M
ak,S,AK11113,2693129,Chocolate (Chipping),8,M
ak,S,AK11114,12828073,Deck Tan,8,M
ak,S,AK11115,13086077,Light Earth,8,M
ak,S,AK11116,13407311,Tan Yellow,8,M
ak,S,AK11117,10777637,Golden Brown,8,M
ak,S,AK11118,12619834,Ochre,8,M
ak,S,AK11119,9990218,Cork,8,M
ak,S,AK11120,6639153,Mud Brown,8,M
ak,S,AK11121,7558452,Tan Earth,8,M
ak,S,AK11122,10255678,Green Ochre,8,M
ak,S,AK11123,9267494,Japanese Brown,8,M
ak,S,AK11124,8416048,Middle Stone,8,M
ak,S,AK11125,6640699,Grey-Brown,8,M
ak,S,AK11126,6640677,Green-Brown,8,M
ak,S,AK11127,6113312,British Khaki,8,M
ak,S,AK11128,12769620,Luminous Green,8,M
ak,S,AK11129,9422656,Fluorescent Green,8,FL
ak,S,AK11130,14012733,Pistachio,8,M
ak,PC,AK11131,10343066,Pastel Green,8,M
ak,S,AK11132,14016696,Green-Grey,8,M
ak,S,AK11133,3295804,Dark Green-Grey,8,M
ak,S,AK11134,8433798,Green Sky,8,M
ak,S,AK11135,7570801,Faded Green,8,M
ak,S,AK11136,9550910,Frog Green,8,M
ak,S,AK11137,8298301,Lime Green,8,M
ak,S,AK11138,10723121,Interior Yellow Green,8,M
ak,S,AK11139,7174450,Golden Olive,8,M
ak,S,AK11140,6259513,Grass Green,8,M
ak,S,AK11141,5936449,Light Green,8,M
ak,IC,AK11142,1664307,Deep Green,8,M
ak,S,AK11143,1413737,Mint Green,8,M
ak,S,AK11144,681031,Emerald,8,M
ak,S,AK11145,1202741,Lizard Green,8,M
ak,S,AK11146,1655839,Dark Green,8,M
ak,S,AK11147,4546090,Olive Green,8,M
ak,S,AK11148,3624483,Medium Olive Green,8,M
ak,S,AK11149,5074489,Intermediate Green,8,M
ak,S,AK11150,4149045,Gunship Green,8,M
ak,S,AK11151,4997653,Brownish Green,8,M
ak,S,AK11152,5135399,Alga Green,8,M
ak,S,AK11153,1584423,Extra Dark Green,8,M
ak,S,AK11154,3684643,German Field Grey,8,M
ak,S,AK11155,2566675,Command Green,8,M
ak,S,AK11156,4471835,Camouﬂage Green,8,M
ak,S,AK11157,3814676,US Dark Green,8,M
ak,S,AK11158,2959890,Reﬂective Green,8,M
ak,S,AK11159,2040849,Russian Green,8,M
ak,S,AK11160,399886,Black Green,8,M
ak,S,AK11161,11189938,Pale Blue,8,M
ak,S,AK11162,11057078,Spectrum Blue,8,M
ak,S,AK11163,6185827,Intermediate Blue,8,M
ak,S,AK11164,4414033,Dark Blue-Grey,8,M
ak,S,AK11165,5792878,Grey-Blue,8,M
ak,S,AK11166,4936272,French Blue,8,M
ak,S,AK11167,992811,Anthracite Grey,8,M
ak,PC,AK11168,11524791,Pastel Blue,8,M
ak,S,AK11169,3376762,Blue-Green,8,M
ak,S,AK11170,353881,Aquatic Turquoise,8,M
ak,S,AK11171,149836,Turquoise,8,M
ak,S,AK11172,13881,Archaic Turquoise,8,M
ak,S,AK11173,1193012,Ocean Blue,8,M
ak,S,AK11174,12312795,Snow Blue,8,M
ak,S,AK11175,8044744,Sky Blue,8,M
ak,S,AK11176,6403267,Deep Sky Blue,8,M
ak,S,AK11177,3836061,Ducat Blue,8,M
ak,S,AK11178,83302,Fluorescent Blue,8,FL
ak,S,AK11179,2179198,Ultramarine,8,M
ak,S,AK11180,1844818,Imperial Blue,8,M
ak,S,AK11181,1125965,Dark Blue,8,M
ak,IC,AK11182,1066346,Deep Blue,8,M
ak,S,AK11183,2959688,Amethyst Blue,8,M
ak,S,AK11184,538951,Medium Blue,8,M
ak,S,AK11185,280928,Star Blue,8,M
ak,S,AK11186,141111,Light Prussian Blue,8,M
ak,S,AK11187,2077,Strong Dark Blue,8,M
ak,S,AK11188,2962752,Oxford,8,M
ak,S,AK11189,22,Dark Prussian Blue,8,M
ak,S,AK11190,69390,Dark Sea Blue,8,M
ak,M,AK11191,10977085,Gold,8,ME
ak,M,AK11192,11245900,Old Gold,8,ME
ak,M,AK11193,6444586,Rusty Gold,8,ME
ak,M,AK11194,9331750,Brass,8,ME
ak,M,AK11195,9394466,Rusty Brass,8,ME
ak,M,AK11196,9140263,Bronze,8,ME
ak,M,AK11197,9456674,Copper,8,ME
ak,M,AK11198,3547149,Burnt Tin,8,ME
ak,M,AK11199,4689557,Metallic Blue,8,ME
ak,M,AK11200,4485998,Astral Beryllium,8,ME
ak,M,AK11201,7988,Cobalt Blue,8,ME
ak,M,AK11202,9535118,Anodized Violet,8,ME
ak,M,AK11203,12861245,Foundry Red,8,ME
ak,M,AK11204,2062914,Emerald Metallic Green,8,ME
ak,M,AK11205,7247703,Metallic Green,8,ME
ak,M,AK11206,16250069,Pearl,8,ME
ak,M,AK11207,10527909,Aluminium,8,ME
ak,M,AK11208,7106417,Dark Aluminium,8,ME
ak,M,AK11209,9148829,Silver,8,ME
ak,M,AK11210,9935766,Natural Steel,8,ME
ak,M,AK11211,10066055,Oily Steel,8,ME
ak,M,AK11212,4343108,Gun Metal,8,ME
ak,S,AK11213,13180966,Clear Red,8,C
ak,S,AK11214,1847387,Clear Blue,8,C
ak,S,AK11215,7096869,Clear Smoke,8,C
ak,S,AK11216,1548874,Clear Green,8,C
ak,S,AK11217,16291364,Clear Yellow,8,C
ak,S,AK11218,15886113,Clear Orange,8,C
ak,INK,AK11219,1376513,Sepia INK,8,M
ak,INK,AK11220,24158,Turquoise INK,8,M
ak,INK,AK11221,9320992,Skin INK,8,M
ak,INK,AK11222,5592903,Sooty Black INK,8,M
ak,INK,AK11223,65795,Carbon Black INK,8,M
ak,INK,AK11224,11171717,Purple INK,8,M
ak,INK,AK11225,7257670,Luminous Green INK,8,M
ak,INK,AK11226,682309,Dark Green INK,8,M
ak,INK,AK11227,11749423,Penetrating Red INK,8,M
ak,INK,AK11228,5413,Night Blue INK,8,M
ak,INK,AK11229,919555,Burnt Umber INK,8,M
ak,INK,AK11230,16777215,Titanium White INK,8,M
ak,AFV,AK11301,4865068,WWI British Khaki Brown Base,8,M
ak,AFV,AK11302,9467473,WWI French Milky Coffee,8,M
ak,AFV,AK11303,5200746,WWI French Artillery Grey,8,M
ak,AFV,AK11304,4597012,WWI French Brown,8,M
ak,AFV,AK11305,2964266,WWI French Green 1,8,M
ak,AFV,AK11306,2236951,WWI French Green 2,8,M
ak,AFV,AK11307,7563063,RAL 7009 Hellgrau,8,M
ak,AFV,AK11308,4022582,RAL 6007 Grün,8,M
ak,AFV,AK11309,4608037,RAL 6003 Olivgrün opt.1,8,M
ak,AFV,AK11310,3355415,RAL 6003 Olivgrün opt.2,8,M
ak,AFV,AK11311,5991234,RAL 6011 Resedagrün,8,M
ak,AFV,AK11312,5398839,RAL 6011B Resedagrün,8,M
ak,AFV,AK11313,7892026,RAL 7008 Graugrün,8,M
ak,AFV,AK11314,6648638,RAL 7008 Graugrün Opt 2,8,M
ak,AFV,AK11315,4601643,RAL 7017 Dunkelbraun,8,M
ak,AFV,AK11316,1186331,RAL 7021 Dunkelgrau,8,M
ak,AFV,AK11317,6774343,RAL 7027 Grau,8,M
ak,AFV,AK11318,9405270,RAL 7028 Dunkelgelb (Initial),8,M
ak,AFV,AK11319,11311732,RAL 7028 Dunkelgelb Ausgabe 1944,8,M
ak,AFV,AK11320,11179100,RAL 7028 Dunkelgelb (Variant),8,M
ak,AFV,AK11323,6050609,RAL 6040 F9 Helloliv,8,M
ak,AFV,AK11325,11769188,RAL 1039 F9 Sandbeige,8,M
ak,AFV,AK11326,8675640,RAL 8031 F9 Sandbraun,8,M
ak,AFV,AK11327,8021053,RAL 8000 Gelbbraun,8,M
ak,AFV,AK11328,6757909,RAL 8012 Rotbraun,8,M
ak,AFV,AK11329,4984335,RAL 8013 Rotbraun,8,M
ak,AFV,AK11330,3481882,RAL 8017 Rotbraun,8,M
ak,AFV,AK11331,10714969,RAL 8020 Braun,8,M
ak,AFV,AK11333,14801064,Cremeweiss,8,M
ak,AFV,AK11334,5132334,Olive Drab Base,8,M
ak,AFV,AK11335,5660199,Nº1 Light Green (FS34151),8,M
ak,AFV,AK11336,4666405,Nº5 Earth Brown (FS30099),8,M
ak,AFV,AK11337,10317884,Nº6 Earth Yellow (FS30257),8,M
ak,AFV,AK11338,6633766,Nº8 Earth Red (FS30117),8,M
ak,AFV,AK11339,3423010,Nº9 Olive Drab (FS33070),8,M
ak,AFV,AK11340,10255969,Nº13 Desert Sand (FS30279),8,M
ak,AFV,AK11341,4741736,Ocean Gray (FS35164),8,M
ak,AFV,AK11342,2766876,Dark Green (FS34102),8,M
ak,AFV,AK11343,8153419,MERDC Sand (FS30277),8,M
ak,AFV,AK11344,5192732,Field Drab (FS30118),8,M
ak,AFV,AK11345,12568480,APC Interior Light Green (FS24533),8,M
ak,AFV,AK11346,2175256,Forest Green (FS34079),8,M
ak,AFV,AK11347,10388826,Australian Camouﬂage Brown,8,M
ak,AFV,AK11348,5660199,Australian Camouﬂage Green,8,M
ak,AFV,AK11349,11373667,CARC Tan 686A (FS33446),8,M
ak,AFV,AK11350,4674350,Modern Spanish Green,8,M
ak,AFV,AK11351,10063465,Wood Base,8,M
ak,AFV,AK11352,6443824,IDF Modern Grey,8,M
ak,AFV,AK11353,6971197,IDF Sand Grey 1970s-1980s,8,M
ak,AFV,AK11354,8812878,IDF Early Sand Yellow,8,M
ak,AFV,AK11355,2699547,IDF Green,8,M
ak,AFV,AK11356,4152667,SLA Blue,8,M
ak,AFV,AK11357,2567457,LAF Green,8,M
ak,AFV,AK11358,2243364,NATO Green,8,M
ak,AFV,AK11359,4271907,NATO Brown,8,M
ak,AFV,AK11360,1776930,NATO Black,8,M
ak,AFV,AK11361,13743742,New Iraqi Army Sand,8,M
ak,AFV,AK11362,14524741,British Sand Yellow,8,M
ak,AFV,AK11363,13279599,French Army Desert Sand,8,M
ak,AFV,AK11364,4543820,French Army Green,8,M
ak,AFV,AK11365,8948614,French Army Grey-Blue,8,M
ak,AFV,AK11366,12751930,Mustard Yellow,8,M
ak,AFV,AK11367,3027488,Base Green Protective,8,M
ak,AFV,AK11368,3623209,Russian Green 4BO,8,M
ak,AFV,AK11369,3287570,Russian Dark Brown 6K,8,M
ak,AFV,AK11370,8150576,Russian Sand 7K,8,M
ak,AFV,AK11371,1717021,Protective Green 1920s-1930s,8,M
ak,AFV,AK11372,16777215,Washable White Paint,8,M
ak,AFV,AK11373,4668975,Khaki green No.3,8,M
ak,AFV,AK11374,9408353,Silver Grey No.28,8,M
ak,AFV,AK11375,4540205,Slate No.34,8,M
ak,AFV,AK11377,13082189,Light Stone No.61,8,M
ak,AFV,AK11378,14728584,Portland Stone No.64,8,M
ak,AFV,AK11381,4276270,British Dark Olive Green PFI,8,M
ak,AFV,AK11382,16027747,British Desert Pink ZI,8,M
ak,AFV,AK11383,7960909,British Light Mud,8,M
ak,AFV,AK11384,3746079,S.C.C. No.1A Very Dark Brown,8,M
ak,AFV,AK11385,7687213,S.C.C. No.2 Brown,8,M
ak,AFV,AK11386,3750952,S.C.C. No.15 Olive Drab,8,M
ak,AFV,AK11387,1251597,3B AU/ZB AU,8,M
ak,FIG,AK11401,7883057,Base Flesh,8,M
ak,FIG,AK11402,13406328,Light Flesh,8,M
ak,FIG,AK11403,16632734,Highlight Flesh,8,M
ak,FIG,AK11404,9126719,Shadow Flesh,8,M
ak,FIG,AK11405,5515045,Dark Shadow Flesh,8,M
ak,FIG,AK11406,3480607,Reddish Black,8,M
ak,FIG,AK11407,132104,Black Uniform Base,8,M
ak,FIG,AK11408,4931631,Dot44 Brown Base,8,M
ak,FIG,AK11409,12879951,Orange Tan,8,M
ak,FIG,AK11410,1321504,Dark Green,8,M
ak,FIG,AK11411,7376204,Light Green,8,M
ak,FIG,AK11412,2046238,Medium Green,8,M
ak,FIG,AK11413,8873543,Denison Tan Base,8,M
ak,FIG,AK11414,6907463,Splittermuster Base,8,M
ak,FIG,AK11415,2505253,Splittermuster Green Spots,8,M
ak,FIG,AK11416,4338988,Waffen Brown Grey,8,M
ak,FIG,AK11417,5914406,Waffen Brown,8,M
ak,FIG,AK11418,1641223,Brown Black,8,M
ak,FIG,AK11419,4532514,Waffen Red Brown,8,M
ak,FIG,AK11420,2767905,Waffen Green,8,M
ak,FIG,AK11421,2306583,Dark Olive Green,8,M
ak,FIG,AK11422,10059842,Ocher Khaki,8,M
ak,FIG,AK11423,3751732,Field Grey Base #2 (Grey Uniform),8,M
ak,FIG,AK11424,9538901,Grey Green,8,M
ak,FIG,AK11425,3750179,Field Grey Base #1 (Green uniform),8,M
ak,FIG,AK11426,6976372,Grey Blue,8,M
ak,FIG,AK11427,2503708,Green Uniform Base,8,M
ak,FIG,AK11428,5135408,Light Green Uniform,8,M
ak,FIG,AK11429,6779182,Russian Uniform Lights,8,M
ak,FIG,AK11430,5265960,Russian Uniform Base,8,M
ak,FIG,AK11431,1451060,Russian Blue Lights,8,M
ak,FIG,AK11432,133661,Russian Blue Base,8,M
ak,FIG,AK11433,4802335,US Olive Base Uniform,8,M
ak,FIG,AK11434,7421746,Red Brown,8,M
ak,FIG,AK11435,7623736,Field Drab,8,M
ak,FIG,AK11436,4736040,Canvas Tone,8,M
ak,FIG,AK11437,6704432,British Uniform Base,8,M
ak,FIG,AK11438,8610864,British Uniform Lights,8,M
ak,FIG,AK11439,3951955,French Greyish Blue,8,M
ak,FIG,AK11440,9660706,Desert Uniform Base,8,M
ak,AIR,AK11801,8031356,WWI German Fokker Grey,8,M
ak,AIR,AK11802,7771232,WWI German Light Green,8,M
ak,AIR,AK11803,3426097,WWI German Dark Green,8,M
ak,AIR,AK11804,8546433,WWI German Mauve,8,M
ak,AIR,AK11805,6764053,WWI German Red Brown,8,M
ak,AIR,AK11806,13164268,WWI German Light Blue,8,M
ak,AIR,AK11807,11637679,WWI German Lilac,8,M
ak,AIR,AK11808,12043434,WWI German Grey-Green Primer,8,M
ak,AIR,AK11809,4014636,PC10 Late,8,M
ak,AIR,AK11810,4208430,PC12,8,M
ak,AIR,AK11811,9933953,RLM 02 RLM-Grau (1938),8,M
ak,AIR,AK11812,8421470,RLM 02 RLM-Grau (1941),8,M
ak,AIR,AK11813,15836685,RLM 04,8,M
ak,AIR,AK11814,5722702,RLM 61,8,M
ak,AIR,AK11815,6777423,RLM 62,8,M
ak,AIR,AK11816,8289130,RLM 63,8,M
ak,AIR,AK11817,8823461,RLM 65 (1938),8,M
ak,AIR,AK11818,9740696,RLM 65 (1941),8,M
ak,AIR,AK11819,3554880,RLM 66 (1938),8,M
ak,AIR,AK11820,5460557,RLM 66 (1941),8,M
ak,AIR,AK11821,4672065,RLM 70,8,M
ak,AIR,AK11822,5328707,RLM 71,8,M
ak,AIR,AK11823,4605762,RLM 72,8,M
ak,AIR,AK11824,4344129,RLM 73,8,M
ak,AIR,AK11825,5986901,RLM 74,8,M
ak,AIR,AK11826,7368557,RLM 75,8,M
ak,AIR,AK11827,11122341,RLM 76 Version 1,8,M
ak,AIR,AK11828,11386301,RLM 76 Version 2,8,M
ak,AIR,AK11829,12698013,RLM 76 Late War Variation,8,M
ak,AIR,AK11830,8427423,RLM 78 (1941),8,M
ak,AIR,AK11831,8953240,RLM 78 (1942),8,M
ak,AIR,AK11832,15245914,RLM 79 (1941),8,M
ak,AIR,AK11833,10252622,RLM 79 (1942),8,M
ak,AIR,AK11834,5789509,RLM 80,8,M
ak,AIR,AK11835,5789509,RLM 81 Version 1,8,M
ak,AIR,AK11836,4672831,RLM 81 Version 2,8,M
ak,AIR,AK11837,5919301,RLM 81 Version 3,8,M
ak,AIR,AK11838,5200971,RLM 82,8,M
ak,AIR,AK11839,3753301,RLM 83,8,M
ak,AIR,AK11840,5723981,RAF Dark Green,8,M
ak,AIR,AK11841,7493436,RAF Dark Earth,8,M
ak,AIR,AK11842,6121578,RAF Ocean Grey,8,M
ak,AIR,AK11843,8490130,RAF Medium Sea Grey BS381C/637,8,M
ak,AIR,AK11844,11777952,RAF Sky / FS 34424,8,M
ak,AIR,AK11845,8232388,RAF Azure Blue,8,M
ak,AIR,AK11846,10845753,RAF Middle Stone,8,M
ak,AIR,AK11847,7569768,RAF Cockpit Grey-Green,8,M
ak,AIR,AK11848,10593700,RAF Sky Grey,8,M
ak,AIR,AK11849,6249809,RAF Dark Slate Grey,8,M
ak,AIR,AK11850,5199454,RAF Extra Dark Sea Grey BS381C/640,8,M
ak,AIR,AK11851,6909041,RAF Dark Sea Grey BS381C/638,8,M
ak,AIR,AK11852,5598070,RAF PRU Blue BS381C/636,8,M
ak,AIR,AK11853,11645610,RAF Light Aircraft Grey BS381C/627,8,M
ak,AIR,AK11854,9936285,RAF Camouﬂage (Barley) Grey BS381C/626,8,M
ak,AIR,AK11855,7502207,RAF Dark Camouﬂage Grey BS381C/629,8,M
ak,AIR,AK11856,10327424,RAF Camouﬂage Beige (Hemp) BS381C/389,8,M
ak,AIR,AK11857,2700837,Bronze Green,8,M
ak,AIR,AK11858,14864655,Zinc Chromate Yellow,8,M
ak,AIR,AK11859,8684902,US Interior Yellow Green,8,M
ak,AIR,AK11860,5460033,Dark Olive Drab 41,8,M
ak,AIR,AK11861,4674367,Medium Green 42,8,M
ak,AIR,AK11862,7105896,Neutral Grey 43,8,M
ak,AIR,AK11863,5986377,ANA 613 Olive Drab,8,M
ak,AIR,AK11864,3622477,Deep Sea Blue,8,M
ak,AIR,AK11865,7505291,M-485 Blue-Grey,8,M
ak,AIR,AK11866,11513765,Light Gull Grey FS 16440,8,M
ak,AIR,AK11867,10463910,ADC Grey FS 16473,8,M
ak,AIR,AK11868,15132891,Insignia White FS 17875,8,M
ak,AIR,AK11869,13022366,Sand FS 33531,8,M
ak,AIR,AK11870,15058849,Radome Tan FS 33613,8,M
ak,AIR,AK11871,16372115,USMC Sand FS 33711,8,M
ak,AIR,AK11872,4671555,US Army Helo Drab FS 34031,8,M
ak,AIR,AK11873,4872530,Dull Dark Green FS 34092,8,M
ak,AIR,AK11874,5790751,USMC Green FS 34095,8,M
ak,AIR,AK11875,6909483,Field Green FS 34097,8,M
ak,AIR,AK11876,8421979,Green FS 34258,8,M
ak,AIR,AK11877,3894384,Aggressor Blue FS 35109,8,M
ak,AIR,AK11878,6068127,Blue FS 35190,8,M
ak,AIR,AK11879,9089219,Air Superiority Blue FS 35450,8,M
ak,AIR,AK11880,12898502,Duck Egg Blue FS 35622,8,M
ak,AIR,AK11881,6185579,Medium Gunship Grey FS 36118,8,M
ak,AIR,AK11882,7368557,Have Glass Grey FS 36170,8,M
ak,AIR,AK11883,7305602,F-15 Dark Grey (Mod Eagle) FS 36176,8,M
ak,AIR,AK11884,8422535,Dark Gull Grey FS 36231,8,M
ak,AIR,AK11885,8553349,Aggressor Grey FS 36251,8,M
ak,AIR,AK11886,8685964,Medium Grey FS 36270,8,M
ak,AIR,AK11887,8885404,Dark Ghost Grey FS 36320,8,M
ak,AIR,AK11888,10331819,Light Ghost Grey FS 36375,8,M
ak,AIR,AK11889,12896455,Light Grey FS 36495,8,M
ak,AIR,AK11890,12763315,Camouﬂage Grey FS 36622,8,M
ak,AIR,AK11891,9474952,IJN J3 Hai-iro (Grey),8,M
ak,AIR,AK11892,9801589,IJN J3 SP (Amber Grey),8,M
ak,AIR,AK11893,2766380,IJN D1 Deep Green Black,8,M
ak,AIR,AK11894,2504497,IJN D2 Green Black,8,M
ak,AIR,AK11895,1778469,IJN Q1 Anti-Glare Blue-Black,8,M
ak,AIR,AK11896,6775603,IJN M3 (M) Mitsubishi Interior Green,8,M
ak,AIR,AK11897,5261866,IJN M3 (N) Nakajima Interior Green,8,M
ak,AIR,AK11898,810611,IJN/IJA Aotake,8,M
ak,AIR,AK11899,10987670,IJA #1 Hairyokushoku (Grey-Green),8,M
ak,AIR,AK11900,4873563,IJA #3 Hairanshoku Grey (Indigo),8,M
ak,AIR,AK11901,5261866,IJA #7 Ohryuko Nana Go Shoku (Olive Brown),8,M
ak,AIR,AK11902,3228718,IJA #21 Midori iro (Green),8,M
ak,AIR,AK11903,800557,IJA #27 Ao Midori iro (Blue-Green),8,M
ak,AIR,AK11904,7827749,IJA #29 Ki Midori iro (Yellow-Green),8,M
ak,AIR,AK11905,8812886,IJA #30 Karekusa iro (Dry Grass),8,M
ak,AIR,AK11906,6836807,IJA #31 Cha Kasshoku (Tea Colour),8,M
ak,AIR,AK11907,10335142,Grey-Blue 1920s-1930s,8,M
ak,AIR,AK11908,13948365,AE-9/AII Light Grey,8,M
ak,AIR,AK11909,3227422,AII Green,8,M
ak,AIR,AK11910,8233902,AII Light Blue,8,M
ak,AIR,AK11911,6648694,A-14 Interior Steel Grey,8,M
ak,AIR,AK11912,8758682,A-18f Light Grey-Blue,8,M
ak,AIR,AK11913,5465405,A-19f Grass Green,8,M
ak,AIR,AK11914,9406306,A-21m Light Yellowish Brown,8,M
ak,AIR,AK11915,4346403,AMT-4 (A-24m) Green,8,M
ak,AIR,AK11916,6787236,AMT-7 Light Blue,8,M
ak,AIR,AK11917,4676193,AMT-11 Blue-Grey,8,M
ak,AIR,AK11918,2831928,AMT-12 Dark Grey,8,M
ak,AIR,AK11919,2909486,Radome & Wheel Hub Green,8,M
ak,AIR,AK11920,12500922,MiG-25/MiG-31 Grey,8,M
