ak_code,type,name,color,tamiya,humbrol,vallejo,gunze,testor,rlm,ral,fs,revell,real,citadel,lifecolor,hataka,ak_old
AK11001,IC,White,#FFFFFF,XF-2,34,951,11,1768,21,9016,37925,5,RC004,,,,
AK11002,S,Offwhite,#E6E5DA,,,820,316,,,9001,27780,,RC222,,,,
AK11003,S,White Grey,#F0F1E8,,,993,311,,,,,,,,,,
AK11004,S,Ivory,#EDE9C0,,41,918,21,2709,,,37855,10,,,,,
AK11005,S,Greenish White,#DCECC7,,90,,31,,,,17773,,,,,,
AK11006,S,Silver Grey,#DCD1B0,,28,883,51,1733,,9002,36622,,,51058,,,
AK11007,S,Rock Grey,#B5B090,,129,,57,1730,,,26440,301,,,,,
AK11008,S,Grimy Grey,#D8C394,,,,313,,,,33531,,,,,,
AK11009,S,Warm Grey,#A8A085,XF-20,,,321,,,,,,,,,,
AK11010,S,Medium Grey,#ABB29C,XF-25,,907,62,,76,,36473,,,,,,
AK11011,S,Blue-Grey,#BBC8C6,XF-12,89,973,67,1562,,,25526,,,,,,
AK11012,S,Sky Grey,#AEB1AD,XF-19,196,989,334,,,7004,36463,371,,,,,
AK11013,S,Pale Grey,#A3A8AD,XF-80,,990,53,1728,,7001,36300,,,,,,
AK11014,S,Medium Sea Grey,#95937D,,,,61,,,,36307,,,,,,
AK11015,S,Dark Sea Grey,#71726E,XF-53,140,991,82,1729,,,36231,70,,,,,
AK11016,S,Grey-Green,#757A64,XF-73,,886,70,,2,,,,RC265,,,,
AK11017,S,Reddish Grey,#6F6451,,,,,,,,,,,,,,
AK11018,S,Neutral Grey,#5F6A65,XF-66,27,992,68,2160,,,36173,,,,,,
AK11019,S,Graphite,#63695E,XF-22,,,22,,,,,,,,,,
AK11020,S,English Grey,#646861,XF-54,,836,305,,,,36118,,,,,,
AK11021,S,Basalt Grey,#545C58,XF-77,106,869,83,,75,7012,36152,47,,,,,
AK11022,S,Dark Grey,#414542,XF-24,85,994,27,1579,,,26008,302,,,,,
AK11023,S,Lead Grey,#3D433F,,,,333,,,7022,34031,,,,,,
AK11024,S,Ash Grey,#3A3D36,,123,866,68,,66,,26008,,,,,,
AK11025,S,German Grey,#30332D,XF-63,67,995,404,1592,,7016,26044,78,,,,,
AK11026,S,Tenebrous Grey,#28271D,,,,452,,,,,,,,,,
AK11027,S,Rubber Black,#202015,XF-85,,,77,,,,,,,,,,
AK11028,S,Smoke Black,#22261E,XF-69,,862,401,4795,,7021,37031,109,,,,,
AK11029,IC,Black,#020403,XF-1,33,950,12,1583,22,9004,37038,,RC001,,,,
AK11030,S,Beige,#DDB553,,,917,,,,,23594,,,,,,
AK11031,S,Buff,#C9A762,XF-57,103,976,,,,1001,23578,,,51032,,,
AK11032,S,Pale Sand,#ECD283,,,837,,,,,23722,,RC018,,,,
AK11033,S,Dark Sand,#E1B85E,XF-88,74,847,36,,,,,,,,,,
AK11034,S,Medium Sand,#C3953E,,,977,71,,,,30257,,RC030,,,,
AK11035,S,Sand Yellow,#E4B945,,,916,,,,1002,20260,,,,,,
AK11036,S,Ice Yellow,#FBF08E,,76,858,,,,,,,,,,,
AK11037,PC,Pastel Yellow,#FDD878,,,,,,,,33798,,,,,,
AK11038,S,Pale Yellow,#FBDC60,,,949,,,,,33727,,,,,,
AK11039,S,Purulent Yellow,#E7CF4A,,,806,,,5,,,,,,,,
AK11040,S,Sahara Yellow,#A98F29,,,,,,,,,,,,,,
AK11041,S,Golden Yellow,#FBAF54,,,948,,,,1017,,,,,,,
AK11042,S,Volcanic Yellow,#F39329,,,,24,,,,13538,,,,,,
AK11043,S,Dirty Yellow,#ECA630,,,,329,,,,,,,,,,
AK11044,S,Yellow,#FCB52B,X-8,69,953,413,1514,4,1003,23655,12,,,,,
AK11045,IC,Deep Yellow,#FFC425,,,915,4,,,1023,,,,,,,
AK11046,S,Radiant Yellow,#FFD329,,,,,,,,,,,,,,
AK11047,S,Lemon Yellow,#FBE133,XF-3,99,952,,2717,,1018,,,,,,,
AK11048,S,Laser Yellow,#EAE84B,,,954,,,,,,,,,,,
AK11049,S,Fluorescent Yellow,#E8E73C,,,730,97,,,1026,38907,,,,,,
AK11050,S,Light Flesh,#FED9AC,,,928,,,,,31670,,,,,,
AK11051,S,Luminous Flesh,#EBBC7F,,,,318,,,,21667,,,,,,
AK11052,S,Basic Skin Tone,#FAB07A,,,815,,,,,21670,,,,,,
AK11053,S,Radiant Flesh,#FAAD5E,,,955,,,,,22516,,,,,,
AK11054,S,Medium Flesh Tone,#C4803A,,,860,,,,,,,,,,,
AK11055,S,Sunny Skin Tone,#F9A45A,XF-15,,845,,,,,,,,,,,
AK11056,S,Dark Flesh,#ECA344,,61,927,44,1516,,,,35,,,,,
AK11057,S,Vampiric Flesh,#C5B480,,,,336,,,,13522,,,,,,
AK11058,S,Decomposed Flesh,#AF9C64,XF-78,,,85,,,,33510,,,,,,
AK11059,PC,Pastel Pink,#FABCA2,,,,,,,,31669,,,,,,
AK11060,S,Sickly Pink,#F9AC8D,,,,,,,,31638,,,,,,
AK11061,S,Salmon,#F89E75,,,835,,,,,,,,,,,
AK11062,S,Old Rose,#F6937B,X-17,200,944,19,,,,,,,,,,
AK11063,S,Brown Rose,#D58366,,,803,,,,,,,,,,,
AK11064,S,Beige Red,#DB915F,,,804,,,,3012,31433,,,51037,,,
AK11065,IC,Intense Pink,#EE778F,,,958,,,,,,,,51070,,,
AK11066,S,Laser Magenta,#640231,,,,,,,,,,,,,,
AK11067,S,Magenta,#AD3763,,,945,,,,4006,,,,50033,,,
AK11068,S,Fluorescent Magenta,#F0586F,,,735,99,,,,,,,,,,
AK11069,PC,Pastel Violet,#FCE1ED,,,,,,,,,,,,,,
AK11070,S,Blue Violet,#836EA5,,,811,,,,,,,,,,,
AK11071,S,Lilac,#5F5E71,,,,49,,,,,,,,,,
AK11072,IC,Deep Violet,#6B536D,,,,,,,,,,,,,,
AK11073,S,Purple,#51424D,X-16,68,959,39,,,,37100,53,,,,,
AK11074,IC,Deep Purple,#724B6A,,,,,,,,,,,,,,
AK11075,S,Violet Red,#4F2F34,,,812,,,,,,,,,,,
AK11076,PC,Pastel Peach,#F8995A,,,,,,,,,,,,,,
AK11077,S,Light Orange,#F57F45,,,911,,,,2008,32473,,,,,,
AK11078,S,Medium Orange,#F3703E,,,,,,,,,,,,,,
AK11079,S,Burn Orange,#DD663A,X-6,,805,,,,2012,,,,,,,
AK11080,IC,Deep Orange,#F26931,,18,851,14,,,2004,,,RC009,,,,
AK11081,S,Fluorescent Orange,#F2612C,,,733,98,2041,,2005,38903,,RC207,,,,
AK11082,S,Luminous Orange,#F68923,,,,,,,,,,,,,,
AK11083,S,Dead Red,#F05655,,,,29,,,,,,,,,,
AK11084,S,Ruby,#CF5251,,,802,,,,,,,,,,,
AK11085,S,Cadmium Red,#F06338,,131,910,,,,,21400,,,,,,
AK11086,S,Amaranth Red,#D15833,,,829,,,,2001,,,,,,,
AK11087,S,Scarlet Red,#D04634,,,817,,,,2002,21310,,,,,,
AK11088,IC,Deep Red,#E12D29,X-F7,153,,23,,,,,,,,,,
AK11089,S,Blood Red,#C82E2A,,174,909,,,,3020,31302,330,,,,,
AK11090,S,Vermillion,#C4553E,,60,947,86,,,3031,31350,,RC006,,,,
AK11091,S,Carmine,#B8462F,X-7,19,908,3,1503,,3002,21105,31,,,,,
AK11092,S,Matt Red,#B33A27,,,957,13,4714,,3013,31136,,,,,,
AK11093,S,Brick Red,#994830,,,946,327,,,,11136,,,,,,
AK11094,S,Bordeaux Red,#9D4038,,,,43,,,,,,,,,,
AK11095,S,Dirty Red,#7A1515,,20,926,33,1501,,3026,,32,,,,,
AK11096,S,Wine Red,#630A0F,,,,466,,,,,,,,,,
AK11097,S,Burnt Red,#4B2C22,XF-9,,814,47,,,8012,,,,,,,
AK11098,S,Black Red,#3A211B,,,859,,2152,,,,,RC068,,,,
AK11099,S,Ocher Orange,#F9A464,,,P,,,,,,,,,,,
AK11100,S,Light Brown,#CB8043,,,929,,,,,,,,,,,
AK11101,S,Orange Brown,#AD5C29,,9,981,,,,8023,30252,80,RC031,51040,,,
AK11102,IC,Deep Brown,#7D492B,,,818,453,,,,20100,,,,,,
AK11103,S,Medium Rust,#984D36,,,P,7,,,,,,RC081,,,,
AK11104,S,Saddle Brown,#61372C,XF-79,,940,,,,,30111,,,,,,
AK11105,S,Light Rust,#DD6026,,,,,,,,,,,,,,
AK11106,S,Mahogany Brown,#5B280D,,113,846,344,1785,,8002,,83,,,,,
AK11107,S,Dark Rust,#4C210C,XF-68,,,17,,,,,,,,,,
AK11108,S,Hull Red,#2D1107,,,985,84,,,8017,30059,,,,,,
AK11109,S,Dark Brown,#4A3414,XF-64,,826,,,,,30140,,,,,,
AK11110,S,Leather Brown,#3D2C1A,,,871,456,,,8027,30051,,,,,,
AK11111,S,Burnt Umber,#211609,XF-51,,941,,,,,30097,,RC323,,,,
AK11112,S,Grim Brown,#120904,,,822,462,,,8019,37056,,,,,,
AK11113,S,Chocolate (Chipping),#291809,XF-10,98,872,,1540,,8017,20062,,,,,,
AK11114,S,Deck Tan,#C3BDA9,XF-55,128,986,53,1741,,7038,26496,374,RC019,,,,
AK11115,S,Light Earth,#C7AD7D,,,819,79,,,,22446,,,,,,
AK11116,S,Tan Yellow,#CC944F,,,912,44,,,1011,33245,,,,,,
AK11117,S,Golden Brown,#A47425,,,877,,,,,33275,,,51004,,,
AK11118,S,Ochre,#C0903A,,63,913,34,1706,,,33434,89,,,,,
AK11119,S,Cork,#98704A,XF-52,62,843,66,1737,79,,,85,,,,,
AK11120,S,Mud Brown,#654E31,,,825,341,,,,30140,,,,,,
AK11121,S,Tan Earth,#735534,XF64,119,874,37,,,,30219,,,,,,
AK11122,S,Green Ochre,#9C7D3E,XF59,94,914,402,,,,,88,,,,,
AK11123,S,Japanese Brown,#8D6926,,83,923,,,,,30266,,,,,,
AK11124,S,Middle Stone,#806B30,XF60,,882,401,,,1027,,,,,,,
AK11125,S,Grey-Brown,#65543B,XF72,,,,,,,,,,,,,
AK11126,S,Green-Brown,#655425,XF49,26,879,81,,,8000,,86,,,,,
AK11127,S,British Khaki,#5D4820,,29,921,72,,,,,87,,,,,
AK11128,S,Luminous Green,#C2D954,,,,,,,,,,,,,,
AK11129,S,Fluorescent Green,#8FC740,,,,100,,,,38901,,,,,,
AK11130,S,Pistachio,#D5D13D,,,,,,,,,,,,,,
AK11131,PC,Pastel Green,#9DD29A,,,,,,,,,,,,,,
AK11132,S,Green-Grey,#D5E0B8,XF21,65,971,74,,,,34414,55,,,,,
AK11133,S,Dark Green-Grey,#324A3C,,149,,302,1764,,,34092,,RC230,,,,
AK11134,S,Green Sky,#80B086,,120,974,50,1716,,,24272,,,,,,
AK11135,S,Faded Green,#738571,XF76,,,48,,,,,,,,,,
AK11136,S,Frog Green,#91BC3E,,,,,,,,,,,,,,
AK11137,S,Lime Green,#7E9F3D,X15,38,827,16,,,,,60,,,,,
AK11138,S,Interior Yellow Green,#A39F31,XF4,,,58,,,,33481,,,,,,
AK11139,S,Golden Olive,#6D7932,,,857,,,,,,,,,,,
AK11140,S,Grass Green,#5F8339,,,,,,,,,,,,,,
AK11141,S,Light Green,#5A9541,X28,80,942,,,,,24190,,,51024,,,
AK11142,IC,Deep Green,#196533,,,969,26,,,,14115,,,,,,
AK11143,S,Mint Green,#159269,,,,,,,,,,,,,,
AK11144,S,Emerald,#0A6447,,,838,46,,,,,,,,,,
AK11145,S,Lizard Green,#125A35,,,,,,,,,,,,,,
AK11146,S,Dark Green,#19441F,,2,970,,1524,,6029,24108,61,,,,,
AK11147,S,Olive Green,#455E2A,XF5,,967,,,,,,,,,,,
AK11148,S,Medium Olive Green,#374E23,,,850,464,,,,34128,,,,,,
AK11149,S,Intermediate Green,#4D6E39,,82,891,312,,,6011,34138,,,,,,
AK11150,S,Gunship Green,#3F4F35,XF26,30,895,6,,,,34092,,,,,,
AK11151,S,Brownish Green,#4C4215,,,,,,,,,,,,,,
AK11152,S,Alga Green,#4E5C27,,,833,422,,,6025,,,,,,,
AK11153,S,Extra Dark Green,#182D27,XF27,91,896,,,73,6012,,,,,,,
AK11154,S,German Field Grey,#383923,XF65,92,830,73,,,7009,34086,79,,,,,
AK11155,S,Command Green,#272A13,XF67,,888,80,,71,6006,24079,,,,,,
AK11156,S,Camouﬂage Green,#443C1B,XF81,,887,52,,81,,34087,,,,,,
AK11157,S,US Dark Green,#3A3514,XF13,116,893,64,1710,,,34079,67,,,,,
AK11158,S,Reﬂective Green,#2D2A12,XF58,102,890,320,1716,,6003,34082,45,,,,,
AK11159,S,Russian Green,#1F2411,XF62,,894,420,,80,,34083,,,,,,
AK11160,S,Black Green,#061A0E,XF11,,980,59,,,,,,RC034,50013,,,
AK11161,S,Pale Blue,#AABEB2,XF23,,906,418,,65,,35352,,,,,,
AK11162,S,Spectrum Blue,#A8B7B6,,,,67,,,,,,,,,,
AK11163,S,Intermediate Blue,#5E6363,XF25,144,903,,1720,,,35164,79,,,,,
AK11164,S,Dark Blue-Grey,#435A51,,157,904,,,,,35189,,,,,,
AK11165,S,Grey-Blue,#58646E,,109,943,42,,,,35177,,RC256,,,,
AK11166,S,French Blue,#4B5250,,,900,305,,,,36176,,,,,,
AK11167,S,Anthracite Grey,#0F262B,XF18,,,42,,,,,,RC297,,,,
AK11168,PC,Pastel Blue,#AFDAB7,,,,41,,,,,,,,,,
AK11169,S,Blue-Green,#33867A,,,808,,,,5018,35275,,,51020,,,
AK11170,S,Aquatic Turquoise,#056659,,,840,,,,,,,,,,,
AK11171,S,Turquoise,#02494C,,,966,,,,,,,,,,,
AK11172,S,Archaic Turquoise,#003639,,,,,,,,,,,,,,
AK11173,S,Ocean Blue,#123434,XF50,,,,,,,,,,,,,
AK11174,S,Snow Blue,#BBE0DB,,,,,,,,,,,,,,
AK11175,S,Sky Blue,#7AC0C8,,47,961,,1508,,,,50,,,,,
AK11176,S,Deep Sky Blue,#61B4C3,,,844,323,,,,35250,,,,,,
AK11177,S,Ducat Blue,#3A889D,,,841,25,,,5012,,,,,,,
AK11178,S,Fluorescent Blue,#014566,,,736,,,,,,,,,,,
AK11179,S,Ultramarine,#21407E,,,839,,,,,,,,,,,
AK11180,S,Imperial Blue,#1C2652,,,,465,,,,,,,,,,
AK11181,S,Dark Blue,#112E4D,,25,925,5,,,,35095,56,,51015,,,
AK11182,IC,Deep Blue,#10456A,,14,930,15,2715,,,,52,RC010,,,,
AK11183,S,Amethyst Blue,#2D2948,,,,35,,,,,,,,,,
AK11184,S,Medium Blue,#083947,X13,52,963,88,2702,24,5019,25102,98,,,,,
AK11185,S,Star Blue,#044960,,,,322,,,,,,,,,,
AK11186,S,Light Prussian Blue,#022737,XF8,25,965,,,,5000,35052,156,,,,,
AK11187,S,Strong Dark Blue,#00081D,,,,326,,,,35044,,,,,,
AK11188,S,Oxford,#2D3540,,104,807,,,,,,350,RC257,,,,
AK11189,S,Dark Prussian Blue,#000016,X3,15,899,5,1511,,,35048,54,,,,,
AK11190,S,Dark Sea Blue,#010F0E,XF17,79,898,54,,,5004,35042,77,,,,,
AK11191,M,Gold,#a77f3d,,,,9,,,,17043,,,,,,
AK11192,M,Old Gold,#AB994C,,,,,,,,,,,,,,
AK11193,M,Rusty Gold,#62562A,,,,,,,,,,,,,,
AK11194,M,Brass,#8E6426,,54,801,,1582,,,,92,,51066,,,
AK11195,M,Rusty Brass,#8F5922,,,,,,,,,,,,,,
AK11196,M,Bronze,#8B7827,,55,998,,,,,,95,,51063,,,
AK11197,M,Copper,#904C22,XF6,12,999,10,1551,,,,93,,51065,,,
AK11198,M,Burnt Tin,#36200D,XF28,171,,,,,,,,,,,,
AK11199,M,Metallic Blue,#478E95,,,,88,,,,,,,,,,
AK11200,M,Astral Beryllium,#44736E,,,,63,,,,,,,,,,
AK11201,M,Cobalt Blue,#001F34,,,,,,,,,,,,,,
AK11202,M,Anodized Violet,#917E8E,,,,,,,,,,,,,,
AK11203,M,Foundry Red,#C43F3D,,,,,,,,,,,,,,
AK11204,M,Emerald Metallic Green,#1F7A42,,,,,,,,,,,,,,
AK11205,M,Metallic Green,#6E9757,,,,89,,,,,,,,,,
AK11206,M,Pearl,#F7F4D5,,,,,,,,,,,,,,
AK11207,M,Aluminium,#A0A4A5,XF16,,,,,,,36628,,RC020,,,,
AK11208,M,Dark Aluminium,#6C6F71,,,,,,,,,,,,,,
AK11209,M,Silver,#8B999D,X11,11,997,8,1790,,,17178,90,,,,,
AK11210,M,Natural Steel,#979B96,XF56,56,864,18,1781,,,,99,,,,,
AK11211,M,Oily Steel,#999887,,27002,865,38,1401,,,,,,,,,
AK11212,M,Gun Metal,#424544,X10,53,863,76,1795,,,,,,,,,
AK11213,S,Clear Red,#C92026,,,934,90,,,,,,,,,,
AK11214,S,Clear Blue,#1C305B,,,938,93,,,,,,,,,,
AK11215,S,Clear Smoke,#6C4A25,,,939,95,,,,,,,,,,
AK11216,S,Clear Green,#17A24A,,,936,94,,,,,,,,,,
AK11217,S,Clear Yellow,#F89624,,,937,91,,,,,,RC507,,,,
AK11218,S,Clear Orange,#F26721,,,935,92,,,,,,,,,,
AK11219,INK,Sepia INK,#150101,,,,,,,,,,,,,,
AK11220,INK,Turquoise INK,#005E5E,,,,,,,,,,,,,,
AK11221,INK,Skin INK,#8E3A20,,,,,,,,,,,,,,
AK11222,INK,Sooty Black INK,#555747,,,,,,,,,,,,,,
AK11223,INK,Carbon Black INK,#010103,,,,,,,,,,,,,,
AK11224,INK,Purple INK,#AA7785,,,,,,,,,,,,,,
AK11225,INK,Luminous Green INK,#6EBE46,,,,,,,,,,,,,,
AK11226,INK,Dark Green INK,#0A6945,,,,,,,,,,,,,,
AK11227,INK,Penetrating Red INK,#B3482F,,,,,,,,,,,,,,
AK11228,INK,Night Blue INK,#001525,,,,,,,,,,,,,,
AK11229,INK,Burnt Umber INK,#0E0803,,,,,,,,,,,,,,
AK11230,INK,Titanium White INK,#FFFFFF,,,,,,,,,,,,,,
AK11301,AFV,WWI British Khaki Brown Base,#4A3C2C,,,,,,,,,,,,,,AK4042
AK11302,AFV,WWI French Milky Coffee,#907651,,,71027,,,,,23448,,,,UA097,,AK4051
AK11303,AFV,WWI French Artillery Grey,#4F5B6A,,,71257,,,,,36176,,,,,,AK4052
AK11304,AFV,WWI French Brown,#462514,,,,,,,,31090,,,,,,AK4053
AK11305,AFV,WWI French Green 1,#2D3B2A,,,71006,,,,,34097,,,,,,AK4054
AK11306,AFV,WWI French Green 2,#222217,,,,,,,,,,,,,,AK4055
AK11307,AFV,RAL 7009 Hellgrau,#736737,,,,,,,7009,,,54,,,233,
AK11308,AFV,RAL 6007 Grün,#3D6136,,,71019,,,,6007,,,49,,,298,
AK11309,AFV,RAL 6003 Olivgrün opt.1,#465025,,,71092,H405,,,6003,,,47,,UA206,169,
AK11310,AFV,RAL 6003 Olivgrün opt.2,#333317,,,,,,,,,,,,,,AK755
AK11311,AFV,RAL 6011 Resedagrün,#5B6B42,,,,,,,6011,,,,,,,AK715
AK11312,AFV,RAL 6011B Resedagrün,#526137,,,,,,,,,,,,,,AK716
AK11313,AFV,RAL 7008 Graugrün,#786C3A,,,71116,,,,7008,,,53,,UA212,304,
AK11314,AFV,RAL 7008 Graugrün Opt 2,#65733E,,,,,,,,,,,,,,
AK11315,AFV,RAL 7017 Dunkelbraun,#46372B,,,71248,,,,7017,,,56,,UA210,,
AK11316,AFV,RAL 7021 Dunkelgrau,#121A1B,,,71056,,,,7021,34086,,57,,UA207,164,
AK11317,AFV,RAL 7027 Grau,#675E47,,,71118,,,,7027,,,58,,UA202,306,
AK11318,AFV,RAL 7028 Dunkelgelb (Initial),#8F8356,,,71025,H403,,,7028,33434,,60,,UA204,244,
AK11319,AFV,RAL 7028 Dunkelgelb Ausgabe 1944,#AC9A74,,,,,,,7028,,,61,,,250,
AK11320,AFV,RAL 7028 Dunkelgelb (Variant),#AA945C,,,,,,,7028,,,,,,,
AK11323,AFV,RAL 6040 F9 Helloliv,#5C5331,,,71247,,,,6040 F9,,,90,,,281,
AK11325,AFV,RAL 1039 F9 Sandbeige,#B39564,,,71244,,,,1039 F9,,,88,,,278,AK728
AK11326,AFV,RAL 8031 F9 Sandbraun,#846138,,,71246,,,,8031 F9,,,92,,,280,AK727
AK11327,AFV,RAL 8000 Gelbbraun,#7A643D,,,71272,,,,8000,,,63,,UA203,303,AK702
AK11328,AFV,RAL 8012 Rotbraun,#671E15,,,71271,,,,8012,,,67,,UA211,175,AK717
AK11329,AFV,RAL 8013 Rotbraun,#4C0E0F,,,,,,,8013,,,66,,,,AK731
AK11330,AFV,RAL 8017 Rotbraun,#35211A,,,71041,H406,,,8017,,,68,,UA205,147,AK718
AK11331,AFV,RAL 8020 Braun,#A37F59,,,71117,,,,8020,,,69,,UA201,35,AK700
AK11333,AFV,Cremeweiss,#E1D8A8,,,71075,,,,1001,23717,,46,,,184,AK092
AK11334,AFV,Olive Drab Base,#4E502E,,,,,,,,24098,,,,,,
AK11335,AFV,Nº1 Light Green (FS34151),#565E27,,,71137,,,,,34151,,28,,,211,AK4214
AK11336,AFV,Nº5 Earth Brown (FS30099),#473425,,,71290,,,,,30099,,,,UA087,256,AK4221
AK11337,AFV,Nº6 Earth Yellow (FS30257),#9D703C,,,71291,,,,,30257,,30,,,212,AK4222
AK11338,AFV,Nº8 Earth Red (FS30117),#653926,,,71293,,,,,30117,,,,,,AK4223
AK11339,AFV,Nº9 Olive Drab (FS33070),#343B22,,,,,,,,33070,,,,,,AK4211
AK11340,AFV,Nº13 Desert Sand (FS30279),#9C7E61,,,71140,H346,,,,30279,,,,UA089,68,AK4224
AK11341,AFV,Ocean Gray (FS35164),#485A68,,,,,,,,35164,,,,,,AK4225
AK11342,AFV,Dark Green (FS34102),#2A381C,,,71289,,,,,34102,,83,,UA002,21,AK4231
AK11343,AFV,MERDC Sand (FS30277),#7C694B,,,71138,,,,,30277,,84,,UA019,187,AK4233
AK11344,AFV,Field Drab (FS30118),#4F3C1C,,,71139,,,,,30118,,85,,UA016,209,AK4234
AK11345,AFV,APC Interior Light Green (FS24533),#BFC7A0,,,,,,,,24533,,78,,,,AK4012
AK11346,AFV,Forest Green (FS34079),#213118,,,71294,,,,,34079,,27,,UA001,16,
AK11347,AFV,Australian Camouﬂage Brown,#9E855A,,,,,,,,30219,,,,,,AK4022
AK11348,AFV,Australian Camouﬂage Green,#565E27,,,,,,,,34088,,,,,,AK4021
AK11349,AFV,CARC Tan 686A (FS33446),#AD8C63,,,71122,53,,,,33446,,79,,,,
AK11350,AFV,Modern Spanish Green,#47532E,,,,,,,,,,,,,,
AK11351,AFV,Wood Base,#998E69,,,,,,,,23564,,,,,,AK779
AK11352,AFV,IDF Modern Grey,#625330,,,,C530,,,,,,94,,,,
AK11353,AFV,IDF Sand Grey 1970s-1980s,#6A5F3D,,,71142,C529,2138,,,,,95,,,,
AK11354,AFV,IDF Early Sand Yellow,#86794E,,,71141,C528,,,,,,96,,,,
AK11355,AFV,IDF Green,#29311B,,,,,,,,,,,,,,
AK11356,AFV,SLA Blue,#3F5D5B,,,,,,,,34158,,,,,,AK794
AK11357,AFV,LAF Green,#272D21,,,,,,,,,,,,,,AK795
AK11358,AFV,NATO Green,#223B24,,,71250,,,,6031 F9,,,80,,UA303,152,AK796
AK11359,AFV,NATO Brown,#412F23,,,71249,,,,8027 F9,,,81,,UA302,188,AK797
AK11360,AFV,NATO Black,#1B1D22,,,71251,,,,9021 F9,,,82,,UA301,125,AK799
AK11361,AFV,New Iraqi Army Sand,#D1B67E,,,,,,,,23531,,,,,,AK725
AK11362,AFV,British Sand Yellow,#DDA145,,,,,,,,33695,,,,,,AK726
AK11363,AFV,French Army Desert Sand,#CAA16F,,,71064,,,,,17178,,,,,,AK4081
AK11364,AFV,French Army Green,#45554C,,,,,,,,,,,,,,AK4082
AK11365,AFV,French Army Grey-Blue,#888B86,,,,H417,,,,,,,,,,AK4083
AK11366,AFV,Mustard Yellow,#C2943A,,,71033,,,,,33637,,,,,,AK4132
AK11367,AFV,Base Green Protective,#2E3220,,,,,,,,,,,,,,
AK11368,AFV,Russian Green 4BO,#374929,,,71017,136,2129,,,,,73,,,,
AK11369,AFV,Russian Dark Brown 6K,#322A12,,,71282,,2126,,,,,74,,,317,
AK11370,AFV,Russian Sand 7K,#7C5E30,,,71283,,,,,,,75,,UA242,318,
AK11371,AFV,Protective Green 1920s-1930s,#1A331D,,,,,,,,,,76,,,,
AK11372,AFV,Washable White Paint,#FFFFFF,,,,,,,,,,,,,,AK751
AK11373,AFV,Khaki green No.3,#473E2F,,,71330,,,,,,,33,,,64,AK4035
AK11374,AFV,Silver Grey No.28,#8F8F61,,,71401,,,,,,,38,,UA264,,AK4032
AK11375,AFV,Slate No.34,#45472D,,,71012,H73,,,,,,39,,UA265,,AK4033
AK11377,AFV,Light Stone No.61,#C79E4D,,,71143,,,,,,,40,,UA266,,AK4034
AK11378,AFV,Portland Stone No.64,#E0BD88,,,71288,,,,,,,41,,UA267,,AK4031
AK11381,AFV,British Dark Olive Green PFI,#41402E,,,,,,,,,,42,,UA269,,
AK11382,AFV,British Desert Pink ZI,#F49063,,,71400,,,,,,,43,,UA268,,
AK11383,AFV,British Light Mud,#79794D,,,71284,,,,,,,44,,UA272,,
AK11384,AFV,S.C.C. No.1A Very Dark Brown,#39291F,,,71039,,,,,30059,,34,,UA274,77,
AK11385,AFV,S.C.C. No.2 Brown,#754C2D,,,71038,,,,,30097,,35,,UA273,76,
AK11386,AFV,S.C.C. No.15 Olive Drab,#393C28,,,71016,H309,,,,,,37,,UA270,110,
AK11387,AFV,3B AU/ZB AU,#13190D,,,71281,,,,,,,77,,,246,
AK11401,FIG,Base Flesh,#784931,,,70341,,,,,30233,,,,,,AK3011
AK11402,FIG,Light Flesh,#CC9078,,,,,,,,31433,,,,,,AK3012
AK11403,FIG,Highlight Flesh,#FDCB9E,,,70342,,,,,,,,,,,AK3013
AK11404,FIG,Shadow Flesh,#8B433F,,,,,,,,31136,,,,,,AK3014
AK11405,FIG,Dark Shadow Flesh,#542725,,73,982,,,,,,,,,,,AK3015
AK11406,FIG,Reddish Black,#351C1F,,,,,,,,10049,,,,,,AK3016
AK11407,FIG,Black Uniform Base,#020408,,,70306,C137,,,,26081,,,,UA733,,AK3002
AK11408,FIG,Dot44 Brown Base,#4B402F,,,,,,,,,,,,,,AK3021
AK11409,FIG,Orange Tan,#C4884F,,,,,,,,32516,,,,,,AK3022
AK11410,FIG,Dark Green,#142A20,,,,,,,,,,,,,,AK3023
AK11411,FIG,Light Green,#708D4C,,,,,,,,,,,,,,AK3024
AK11412,FIG,Medium Green,#1F391E,,,70348,H303,,,,34102,,,,UA002,,AK3025
AK11413,FIG,Denison Tan Base,#876647,,,70339,,,,,30227,,,,,,AK3026
AK11414,FIG,Splittermuster Base,#696647,,,70332,,,,,33303,,,,,,AK3041
AK11415,FIG,Splittermuster Green Spots,#263A25,,,,,,,,34095,,,,,,AK3043
AK11416,FIG,Waffen Brown Grey,#42352C,,,,,,,,,,,,,,AK3051
AK11417,FIG,Waffen Brown,#5A3F26,,,875,,,,,30045,,,,,,AK3055
AK11418,FIG,Brown Black,#190B07,,,70333,,,,,,,,,,,AK3056
AK11419,FIG,Waffen Red Brown,#452922,,160,984,,,,8011,30108,,,,,,AK3061
AK11420,FIG,Waffen Green,#2A3C21,,,,,,,,,,,,,,AK3065
AK11421,FIG,Dark Olive Green,#233217,,,,,,,,34094,,,,,,AK3071
AK11422,FIG,Ocher Khaki,#998042,,93,824,,,,,30266,,,,,,AK3072
AK11423,FIG,Field Grey Base #2 (Grey Uniform),#393F34,,79,867,68,,,,36099,,,,,,AK3142
AK11424,FIG,Grey Green,#918D55,,,,,,,,34424,,,,,,AK3143
AK11425,FIG,Field Grey Base #1 (Green uniform),#393923,,75,897,,,,,34052,,,,,,
AK11426,FIG,Grey Blue,#6A7374,,,70338,,,,,,,,,,,AK3146
AK11427,FIG,Green Uniform Base,#26341C,,,70335,,,,,16165,,,,,,AK3114
AK11428,FIG,Light Green Uniform,#4E5C30,,,70336,,,,,,,,,,,AK3115
AK11429,FIG,Russian Uniform Lights,#67712E,,,,,,,,34258,,,,,,AK3121
AK11430,FIG,Russian Uniform Base,#505A28,,,70327,,,,,34098,,,,,,AK3122
AK11431,FIG,Russian Blue Lights,#162434,,,,,,,,,,,,,,AK3124
AK11432,FIG,Russian Blue Base,#020A1D,,,70309,,,,,,,,,,,AK3125
AK11433,FIG,US Olive Base Uniform,#49471F,,,,,,,,,,,,,,
AK11434,FIG,Red Brown,#713F32,,,70343,,,,,,,,,,,AK3073
AK11435,FIG,Field Drab,#745438,,,873,,,,,,,,,,,AK3075
AK11436,FIG,Canvas Tone,#484428,,,988,,,,,,,,,,,AK3076
AK11437,FIG,British Uniform Base,#664D30,,,70317,,,,,16160,,,,,,AK3081
AK11438,FIG,British Uniform Lights,#836430,,,70321,,,,,20475,,,,,,AK3082
AK11439,FIG,French Greyish Blue,#3C4D53,,,,,,,,35109,,,,,,AK3101
AK11440,FIG,Desert Uniform Base,#936922,,,,,,,,,,,,,,AK3111
AK11801,AIR,WWI German Fokker Grey,#7A8C7C,,,71033,,,,,,,,,,,AK2271
AK11802,AIR,WWI German Light Green,#769460,,,,,,,,,,,,,,AK2272
AK11803,AIR,WWI German Dark Green,#344731,,,71017,,,,,,,,,,,AK2273
AK11804,AIR,WWI German Mauve,#826881,,,71282,,,,,,,,,,,AK2274
AK11805,AIR,WWI German Red Brown,#673615,,,71283,,,,,,,,51040,,,AK2275
AK11806,AIR,WWI German Light Blue,#C8DEEC,,,,,,,,,,,,,,AK2276
AK11807,AIR,WWI German Lilac,#B193AF,,,,,,,,,,,,,,AK2277
AK11808,AIR,WWI German Grey-Green Primer,#B7C4AA,,,71330,,,,,,,,,,,AK2278
AK11809,AIR,PC10 Late,#3D422C,,,71401,,,,,,,,,,,AK2282
AK11810,AIR,PC12,#40372E,,,71012,,,,,,,,,,,AK2283
AK11811,AIR,RLM 02 RLM-Grau (1938),#979481,XF-20,240,71044,C60/H70,,,,,,265,,UA504,23,
AK11812,AIR,RLM 02 RLM-Grau (1941),#80805E,,,,,,,,,,266,,,,
AK11813,AIR,RLM 04,#F1A60D,,154,71078,C113/H413,,,,,,267,,UA140,66,AK2091
AK11814,AIR,RLM 61,#57524E,,,71042,,,,,,,268,,,168,
AK11815,AIR,RLM 62,#676A4F,,,71104,,,,,,,269,,,169,
AK11816,AIR,RLM 63,#7E7B6A,,,71260,,,,,,,270,,,167,
AK11817,AIR,RLM 65 (1938),#86A2A5,,65,,,,,,,,271,,,,
AK11818,AIR,RLM 65 (1941),#94A198,XF-23,,71255,C115/H67,,,,,,272,,UA503,29,
AK11819,AIR,RLM 66 (1938),#363E40,,,71055,C116/H416,,,,,,339,,UA133,40,
AK11820,AIR,RLM 66 (1941),#53524D,,,,,,,,,,273,,,,
AK11821,AIR,RLM 70,#474A41,XF-27,241,71021,C18/H65,,,,,,274,51004,UA501,15,
AK11822,AIR,RLM 71,#514F43,,242,71015,C17/H64,,,,,,275,,UA502,17,
AK11823,AIR,RLM 72,#464742,,243,71263,,,,,,,276,,,311,
AK11824,AIR,RLM 73,#424941,,244,71256,,,,,,,277,,,312,
AK11825,AIR,RLM 74,#5B5A55,,245,71258,C36/H68,,,,,,278,,UA507,313,
AK11826,AIR,RLM 75,#706F6D,,246,71259,C37/H69,,,,,,279,,UA508,7,
AK11827,AIR,RLM 76 Version 1,#A9B6A5,,,,,,,,,,320,,,,
AK11828,AIR,RLM 76 Version 2,#ADBDBD,,247,71257,C117/H417,,,,,,321,,UA509,38,
AK11829,AIR,RLM 76 Late War Variation,#C1C19D,,,71103,,,,,,,322,,,,
AK11830,AIR,RLM 78 (1941),#80979F,,,,,,,,,,280,,,,
AK11831,AIR,RLM 78 (1942),#889D98,,248,71101,C118/H418,,,,,,281,,UA512,314,
AK11832,AIR,RLM 79 (1941),#E8A25A,,,,,,,,,,282,,,14,
AK11833,AIR,RLM 79 (1942),#9C714E,,249,71278,C119/H66,,,,,,283,,UA137,,
AK11834,AIR,RLM 80,#585745,,,71265,C120/H420,,,,,,284,,UA138,53,
AK11835,AIR,RLM 81 Version 1,#585745,XF-51,251,71264,C121/H421,,,,,,323,,UA510,8,
AK11836,AIR,RLM 81 Version 2,#474D3F,XF-74,253,71011,C123/H423,,,,,,324,,UA132,22,
AK11837,AIR,RLM 81 Version 3,#5A5245,,,,,,,,,,325,,,,
AK11838,AIR,RLM 82,#4F5C4B,,252,71022,C122/H422,,,,,,326,,UA511,20,
AK11839,AIR,RLM 83,#394555,,,,,,,,,,327,,,,
AK11840,AIR,RAF Dark Green,#57574D,XF-81,163,71324,C330/H330,,,BS381C/ 241,,,286,,UA546,143,
AK11841,AIR,RAF Dark Earth,#72573C,,29,71323,C369/H72,,,,,,287,,UA547,9,
AK11842,AIR,RAF Ocean Grey,#5D686A,XF-82,106,71273,C362,,,,,,288,,UA093,32,
AK11843,AIR,RAF Medium Sea Grey BS381C/637,#818C92,XF-83,165,71307,C335/H335,,,BS381C/ 637,,,289,,UA094,034/ 141,
AK11844,AIR,RAF Sky / FS 34424,#B3B7A0,,,71321,C368,,,,FS 34424,,290,,UA550,234,
AK11845,AIR,RAF Azure Blue,#7D9DC4,,157,71108,C370,,,,,,291,51024,UA098,28,
AK11846,AIR,RAF Middle Stone,#A57E39,,225,71031,C21/H71,,,,,,292,,UA097,13,
AK11847,AIR,RAF Cockpit Grey-Green,#738168,XF-71,78,71305,C364,,,,,,293,,UA551,25,
AK11848,AIR,RAF Sky Grey,#A1A5A4,,,71339,,,,,FS 26373,,285,,UA036,302,
AK11849,AIR,RAF Dark Slate Grey,#5F5D51,,224,71309,,,,,,,294,,,202,
AK11850,AIR,RAF Extra Dark Sea Grey BS381C/640,#4F565E,XF-54,123,71110,C333/H333,,,BS381C/ 640,,,295,,UA109,140,
AK11851,AIR,RAF Dark Sea Grey BS381C/638,#696C71,XF-77,164,71405,C331/H331,,,BS381C/ 638,,,296,51040,,144,
AK11852,AIR,RAF PRU Blue BS381C/636,#556B76,XF-18,230,71109,C72/H56,,,BS381C/ 636,,,297,,,207,
AK11853,AIR,RAF Light Aircraft Grey BS381C/627,#B1B2AA,,166,,C332/H332,,,BS381C/ 627,,,298,,,217,
AK11854,AIR,RAF Camouﬂage (Barley) Grey BS381C/626,#979D9D,XF-80,167,,C334/H334,,,BS381C/ 626,,,299,,UA079,142,
AK11855,AIR,RAF Dark Camouﬂage Grey BS381C/629,#72797F,,,,,,,BS381C/ 629,,,300,,,214,
AK11856,AIR,RAF Camouﬂage Beige (Hemp) BS381C/389,#9D9580,XF-57,168,,C336/H336,,,BS381C/ 389,,,301,,,262,
AK11857,AIR,Bronze Green,#293625,,,,,,,,,,264,,,,AK2205
AK11858,AIR,Zinc Chromate Yellow,#E2D10F,,,71107,C352,,,,,,263,,,,AK2207
AK11859,AIR,US Interior Yellow Green,#848566,,,,,,,,,,262,,,,AK2206
AK11860,AIR,Dark Olive Drab 41,#535041,XF-62,,71316,C38/H78,,,,FS 33070,,259,,UA005,4,AK2201
AK11861,AIR,Medium Green 42,#47533F,,,,,,,,,,260,,,19,AK2202
AK11862,AIR,Neutral Grey 43,#6C6D68,,,71051,C13/H53,,,,,,261,,UA046,33,AK2203
AK11863,AIR,ANA 613 Olive Drab,#5B5849,,,,,,,RAL 7013,,,,,,,AK2204
AK11864,AIR,Deep Sea Blue,#37464D,,181,71300,C365,,,,FS 35045,,258,,UA047,1,AK2234
AK11865,AIR,M-485 Blue-Grey,#72858B,,,71109,C367,,,,FS 35189,,256,,UA038,218,AK2231
AK11866,AIR,Light Gull Grey FS 16440,#AFAFA5,,129,71121,C315/H315,,,,FS 16440,,220,,UA025,48,
AK11867,AIR,ADC Grey FS 16473,#9FAAA6,,,71335,,,,,FS 16473,,221,51004,UA041,45,AK2146
AK11868,AIR,Insignia White FS 17875,#E6E8DB,X-1,22,72279,C316/H316,,,,FS 17875,,222,,UA148,49,AK2052
AK11869,AIR,Sand FS 33531,#C6B49E,XF-59,121,71327,C313/H313,,,,FS 33531,,226,,,90,AK2151
AK11870,AIR,Radome Tan FS 33613,#E5C7A1,,148,71074,C318/H318,,,,FS 33613,,227,,,,AK2053
AK11871,AIR,USMC Sand FS 33711,#F9D193,,,,,,,,FS 33711,,228,,UA090,60,
AK11872,AIR,US Army Helo Drab FS 34031,#474843,,,,,,,,FS 34031,,229,,,67,
AK11873,AIR,Dull Dark Green FS 34092,#4A5952,XF-26,149,71124,C302/H302,,,,FS 34092,,230,,UA008,56,AK2106
AK11874,AIR,USMC Green FS 34095,#585C1F,,,,,,,RAL 6003,FS 34095,,209,,,59,
AK11875,AIR,Field Green FS 34097,#696E2B,,,,C340/H340,,,,FS 34097,,231,,,,
AK11876,AIR,Green FS 34258,#80825B,,,71094,,,,,FS 34258,,233,,UA115,93,AK2153
AK11877,AIR,Aggressor Blue FS 35109,#3B6C70,,,71111,,,,,FS 35109,,234,,UA404,156,
AK11878,AIR,Blue FS 35190,#5C979F,,,70901,,,,,FS 35190,,236,,,,
AK11879,AIR,Air Superiority Blue FS 35450,#8AB0C3,,47,71332,,,,,FS 35450,,239,,UA037,155,AK2145
AK11880,AIR,Duck Egg Blue FS 35622,#C4D0C6,,122,71328,C314/H314,,,,FS 35622,,241,,UA139,92,AK2154
AK11881,AIR,Medium Gunship Grey FS 36118,#5E626B,XF-24,125,71097,C305/H305,,,,FS 36118,,244,,UA022,31,AK2144
AK11882,AIR,Have Glass Grey FS 36170,#706F6D,,,,,,,,FS 36170,,245,,,58,
AK11883,AIR,F-15 Dark Grey (Mod Eagle) FS 36176,#6F7982,,5,71273,,,,,FS 36176,,246,,UA029,158,AK2143
AK11884,AIR,Dark Gull Grey FS 36231,#808487,,140,71277,C317/H317,,,,FS 36231,,247,,UA033,44,
AK11885,AIR,Aggressor Grey FS 36251,#828385,,,71274,,,,,FS 36251,,248,,UA034,157,AK2142
AK11886,AIR,Medium Grey FS 36270,#84898C,,126,71275,C306/H306,,,,FS 36270,,249,,UA028,54,AK2141
AK11887,AIR,Dark Ghost Grey FS 36320,#87949C,,128,71120,C307/H307,,,,FS 36320,,251,,UA027,35,
AK11888,AIR,Light Ghost Grey FS 36375,#9DA6AB,,127,71615,C308/H308,,,,FS 36375,,252,,UA026,37,
AK11889,AIR,Light Grey FS 36495,#C4C8C7,,147,71276,C338/H338,,,,FS 36495,,253,,UA023,50,
AK11890,AIR,Camouﬂage Grey FS 36622,#C2C0B3,,28,71296,C311/H311,,,,FS 36622,,254,,UA021,39,AK2104
AK11891,AIR,IJN J3 Hai-iro (Grey),#909388,,,,C35/H61,,,,FS 36307,,302,51024,,,AK2061
AK11892,AIR,IJN J3 SP (Amber Grey),#958F75,,,71311,,,,,,,303,,,,AK2062
AK11893,AIR,IJN D1 Deep Green Black,#2A362C,XF-11,,71325,C15/H59,,,,,,304,,,,AK2063
AK11894,AIR,IJN D2 Green Black,#263731,,,71322,,,,,,,305,,,,AK2064
AK11895,AIR,IJN Q1 Anti-Glare Blue-Black,#1B2325,,,,C125,,,,,,,,,,AK2066
AK11896,AIR,IJN M3 (M) Mitsubishi Interior Green,#676333,,,,C126,,,,,,306,,,,AK2067
AK11897,AIR,IJN M3 (N) Nakajima Interior Green,#504A2A,,,,C127,,,,,,307,,,,AK2068
AK11898,AIR,IJN/IJA Aotake,#0C5E73,,,71419,C057/H063,,,,,,,,,,
AK11899,AIR,IJA #1 Hairyokushoku (Grey-Green),#A7A896,XF-12,,71326,C56/H62,,,,,,328,,,,AK2261
AK11900,AIR,IJA #3 Hairanshoku Grey (Indigo),#4A5D5B,,77,,,,,,,,329,,,,AK2262
AK11901,AIR,IJA #7 Ohryuko Nana Go Shoku (Olive Brown),#504A2A,,,71286,,,,,,,330,,,,AK2263
AK11902,AIR,IJA #21 Midori iro (Green),#31442E,,,,,,,,,,331,,,,AK2264
AK11903,AIR,IJA #27 Ao Midori iro (Blue-Green),#0C372D,,,,,,,,,,332,51004,,,AK2265
AK11904,AIR,IJA #29 Ki Midori iro (Yellow-Green),#777125,,,,,,,,,,333,,,,AK2266
AK11905,AIR,IJA #30 Karekusa iro (Dry Grass),#867956,,,,,,,,,,334,,,,AK2267
AK11906,AIR,IJA #31 Cha Kasshoku (Tea Colour),#685247,,,,,,,,,,335,,,,AK2268
AK11907,AIR,Grey-Blue 1920s-1930s,#9DB3A6,,,,,,,,,,,,,,
AK11908,AIR,AE-9/AII Light Grey,#D4D5CD,,,71414,,,,,FS 25630,,308,,,127,AK2251
AK11909,AIR,AII Green,#313F1E,,,71410,,,,,,,309,,,128,AK2252
AK11910,AIR,AII Light Blue,#7DA3AE,,,71317,,,,,,,310,,,129,AK2253
AK11911,AIR,A-14 Interior Steel Grey,#657376,,5,71336,,,,,,,319,,,,AK2241
AK11912,AIR,A-18f Light Grey-Blue,#85A59A,,,71413,,,,,,,311,,,,AK2254
AK11913,AIR,A-19f Grass Green,#53653D,,,71411,,,,,,,312,,,,AK2255
AK11914,AIR,A-21m Light Yellowish Brown,#8F8762,,72,71415,,,,,,,314,,UA039,74,AK2248
AK11915,AIR,AMT-4 (A-24m) Green,#425223,,,71301,,,,,,,315,,,73,AK2242
AK11916,AIR,AMT-7 Light Blue,#6790A4,,,71318,,,,,,,316,,,72,AK2244
AK11917,AIR,AMT-11 Blue-Grey,#475A61,,,71304,,,,,,,317,,,71,AK2245
AK11918,AIR,AMT-12 Dark Grey,#2B3638,,,71308,,,,,,,318,,,70,AK2246
AK11919,AIR,Radome & Wheel Hub Green,#2C652E,,,,C66/H26,,,,,,,,,,AK2302
AK11920,AIR,MiG-25/MiG-31 Grey,#BEBFBA,,,,,,,,,,336,,,,
