base,serie,code,color,desc,prop,cat
0,C,C1,#ffffff,WHITE,G,P
0,C,C2,#231f20,BLACK,G,P
0,C,C3,#ed1c24,RED,G,P
0,C,C4,#ffdd00,YELLOW,G,P
0,C,C5,#005aaa,BLUE,G,P
0,C,C6,#006835,GREEN,G,P
0,C,C7,#ca4136,BROWN,G,P
0,C,C8,#d1d3d4,SILVER,ME,P
0,C,C9,#dcaf31,GOLD,ME,P
0,C,C10,#cd733a,COPPER,ME,P
0,C,C11,#b4bbbf,LIGHT GULL GRAY,SG,A
0,C,C12,#6f5f3c,OLIVE DRAB（1）,SG,A
0,C,C13,#677a83,NEUTRAL GRAY,SG,A
0,C,C14,#234f5b,NAVY BLUE,SG,A
0,C,C15,#003920,IJN GREEN （NAKAJIMA）,SG,A
0,C,C16,#22543f,IJA GREEN,SG,A
0,C,C17,#51544c,RLM71 DARK GREEN,SG,A
0,C,C18,#273c4d,RLM70 BLACK GREEN,SG,A
0,C,C19,#9d8145,SANDY BROWN,SG,A
0,C,C20,#4dbfa5,LIGHT BLUE,SG,A
0,C,C21,#aa8a4b,MIDDLE STONE,SG,A
0,C,C22,#5c5144,DARK EARTH,SG,A
0,C,C23,#4b604d,DARK GREEN（2）,SG,A
0,C,C25,#707863,DARK SEAGRAY,SG,A
0,C,C26,#cfdaaa,DUCK EGG GREEN,SG,A
0,C,C27,#b2a335,INTERIOR GREEN,SG,A
0,C,C28,#231f20,STEEL,ME,P
0,C,C29,#61343b,HULL RED,SG,S
0,C,C30,#ffffff,FLAT BASE,M,40
0,C,C31,#848c8d,DARK GRAY（1）,SG,S
0,C,C32,#485d64,DARK GRAY（2）,SG,S
0,C,C33,#231f20,FLAT BLACK,M,P
0,C,C34,#0095da,SKY BLUE,G,P
0,C,C35,#94b0be,IJN GRAY （MITSUBISHI）,SG,A
0,C,C36,#264142,RLM74 GRAY GREEN,SG,A
0,C,C37,#546460,RLM75 GRAY VIOLET,SG,A
0,C,C38,#44503d,OLIVE DRAB（2）,M,T
0,C,C39,#ba9765,DARK YELLOW （SANDY YELLOW）,M,T
0,C,C40,#2f4248,GERMAN GRAY,M,T
0,C,C41,#573438,RED BROWN,M,T
0,C,C42,#4d3538,MAHOGANY,SG,P
0,C,C43,#71513a,WOOD BROWN,SG,P
0,C,C44,#c4a26e,TAN,SG,S
0,C,C45,#b9b084,SAIL COLOR,SG,S
0,C,C46,#ffffff,CLEAR,C,P
0,C,C47,#ed1c24,CLEAR RED,C,P
0,C,C48,#ffd401,CLEAR YELLOW,C,P
0,C,C49,#f26522,CLEAR ORANGE,C,P
0,C,C50,#00aeef,CLEAR BLUE,C,P
0,C,C51,#e3ac7c,FLESH,SG,P
0,C,C52,#405651,FIELD GRAY（2）,M,T
0,C,C54,#3a4940,KHAKI GREEN,M,T
0,C,C55,#5b573d,KHAKI,M,T
0,C,C56,#6f9f9b,IJN GRAY GREEN （NAKAJIMA）,SG,T
0,C,C57,#007b72,METALLIC BLUE GREEN,ME,A
0,C,C58,#f47920,ORANGE YELLOW,SG,A
0,C,C59,#ef4023,ORANGE,G,P
0,C,C60,#959480,RLM02 GRAY,SG,A
0,C,C61,#58575c,BURNT IRON,ME,P・C
0,C,C62,#ffffff,FLAT WHITE,M,P
0,C,C63,#f17298,PINK,G,P
0,C,C64,#1eaa4a,YELLOW GREEN,G,P・C
0,C,C65,#074ea2,BRIGHT BLUE,G,P・C
0,C,C66,#00a650,BRIGHT GREEN,G,P・C
0,C,C67,#483087,PURPLE,G,P
0,C,C68,#da2128,MADDER RED,G,P・C
0,C,C69,#f6f3ee,OFF WHITE,G,P・C
0,C,C70,#3a4940,DARK GREEN,M,T
0,C,C71,#38494e,MIDNIGHT BLUE,G,A
0,C,C72,#2d5562,INTERMEDIATE BLUE,SG,A
0,C,C73,#729998,AIRCRAFT GRAY,G,A
0,C,C74,#1a737e,AIR SUPERIORITY BLUE,G,A
0,C,C75,#af2a30,METALLIC RED,ME,P・C
0,C,C76,#005aaa,METALLIC BLUE,ME,P・C
0,C,C77,#009058,METALLIC GREEN,ME,P・C
0,C,C78,#231f20,METAL BLACK,ME,P・C
0,C,C79,#ed1c24,SHINE RED,G,P
0,C,C80,#2e3092,COBALT BLUE,SG,P
0,C,C81,#7c3139,RUSSET,G,P
0,C,C90,#c7c8ca,SHINE SILVER,ME,P
0,C,C92,#231f20,SEMI GLOSS BLACK,SG,P
0,C,C97,#aab7af,LIGHT GRAY,G,P
0,C,C100,#af2a3d,WINE RED,G,P
0,C,C101,#3b2f20,SMOKE GRAY,G,P・C
0,C,C104,#a8b8bf,GUN CHROME,ME,P
0,C,C107,#f0f1ee,CHARACTER WHITE,SG,P
0,C,C108,#c9252b,CHARACTER RED,SG,P
0,C,C109,#f5821f,CHARACTER YELLOW,SG,P
0,C,C110,#074ea2,CHARACTER BLUE,SG,P
0,C,C111,#fdddcf,CHARACTER FLESH（1）,SG,P
0,C,C112,#f9b5b2,CHARACTER FLESH（2）,SG,P
0,C,C113,#faa619,RLM04 YELLOW,SG,A
0,C,C114,#c9234a,RLM23 RED,SG,A
0,C,C115,#6d92a0,RLM65 LIGHT BLUE,SG,A
0,C,C116,#404041,RLM66 BLACK GRAY,SG,A
0,C,C117,#afcbc9,RLM76 LIGHT BLUE,SG,A
0,C,C118,#779fae,RLM78 LIGHT BLUE,SG,A
0,C,C119,#92725f,RLM79 SAND YELLOW,SG,A
0,C,C120,#193f2c,RLM80 OLIVE GREEN,SG,A
0,C,C121,#51544c,RLM81 BROWN VIOLET,SG,A
0,C,C122,#64855b,RLM82 LIGHT GREEN,SG,A
0,C,C123,#3c5c53,RLM83 DARK GREEN,SG,A
0,C,C124,#034b24,DARK GREEN （MITSUBISHI）,SG,A
0,C,C125,#000e23,COWLING COLOR,SG,A
0,C,C126,#546949,COCKPIT COLOR （MITSUBISHI）,SG,A
0,C,C127,#a2b180,COCKPIT COLOR （NAKAJIMA）,SG,A
0,C,C128,#a5aba1,GRAY GREEN,SG,A
0,C,C129,#536955,DARK GREEN （NAKAJIMA）,SG,A
0,C,C130,#566348,DARK GREEN （KAWASAKI）,SG,A
0,C,C131,#4b2014,RED BROWN Ⅱ,SG,A
0,C,C132,#6f5f3c,EARTH GREEN,M,T
0,C,C135,#369954,RUSSIAN GREEN（1）,M,T
0,C,C136,#3a6149,RUSSIAN GREEN（2）,M,T
0,C,C137,#231f20,TIRE BLACK,M,A・C
0,C,C138,#00a650,CLEAR GREEN,C,P
0,C,C151,#ffffff,WHITE PEARL,PA,C
0,C,C156,#ffffff,SUPER WHITE Ⅳ,G,P・C
0,C,C158,#da2128,SUPER ITALIAN RED,G,P・C
0,C,C159,#d1d3d4,SUPER SILVER,ME,C
0,C,C171,#ed1c24,FLUORESCENT RED,SG,P
0,C,C172,#fff200,FLUORESCENT YELLOW,SG,P
0,C,C173,#ee3124,FLUORESCENT ORANGE,SG,P
0,C,C174,#ed0972,FLUORESCENT PINK,SG,P
0,C,C175,#00a650,FLUORESCENT GREEN,SG,P
0,C,C181,#ffffff,SEMI-GLOSS SUPER CLEAR,C,P
0,C,C182,#ffffff,FLAT CLEAR,C,P
0,C,C183,#eff2f3,SUPER CLEAR GRAY TONE,C,P
0,C,C188,#ffffff,FLAT BASE ROUGH,M,P
0,C,C189,#ffffff,FLAT BASE SMOOTH,M,P
0,C,C301,#3c424c,GRAY FS36081,SG,A
0,C,C302,#3b5c59,GREEN FS34092,SG,A
0,C,C303,#54645a,GREEN FS34102,SG,A
0,C,C304,#49433b,OLIVE DRAB FS34087,SG,A
0,C,C305,#4d7070,GRAY FS36118,SG,A
0,C,C306,#6b888a,GRAY FS36270,SG,A
0,C,C307,#6a8891,GRAY FS36320,SG,A
0,C,C308,#7d9b9f,GRAY FS36375,SG,A
0,C,C309,#3b5c59,GREEN FS34079,SG,A
0,C,C310,#766758,BROWN FS30219,SG,A
0,C,C311,#e5e6cf,GRAY FS36622,SG,A
0,C,C312,#418765,GREEN FS34227,SG,A
0,C,C313,#e4be8a,YELLOW FS33531 I,SG,A
0,C,C314,#e3f2e7,BLUE FS35622,SG,A
0,C,C315,#94a8a3,GRAY FS16440,G,A
0,C,C316,#ffffff,WHITE FS17875,G,A
0,C,C317,#707a71,GRAY FS36231,M,A
0,C,C318,#fecf8d,RADOME,SG,A
0,C,C319,#247260,LIGHT GREEN,SG,A
0,C,C320,#4b5d4d,DARK GREEN,SG,A
0,C,C321,#ae8d71,LIGHT BROWN,SG,A
0,C,C322,#313c5a,PHTHALO CYANNE BLUE,G,A
0,C,C323,#00b9f2,LIGHT BLUE,G,A
0,C,C324,#88a5a3,LIGHT GRAY,M,A
0,C,C325,#9faba3,GRAY FS26440,SG,A
0,C,C326,#35354e,BLUE FS15044,G,A
0,C,C327,#9e2d33,RED FS11136,G,A
0,C,C328,#313c5a,BLUE FS15050,G,A
0,C,C329,#f99d1c,YELLOW FS13538,G,A
0,C,C330,#435050,DARK GREEN BS381C/641,SG,A
0,C,C331,#555e63,DARK SEAGRAY BS381C 638,SG,A
0,C,C332,#8e988e,LIGHT AIRCRAFT GRAY BS381C 627,SG,A
0,C,C333,#334f5b,EXTRA DARK SEAGRAY BS381C 640,SG,A
0,C,C334,#809494,BARLEY GRAY BS4800/18B21,SG,A
0,C,C335,#63797d,MEDIUM SEAGRAY BS381C 637,SG,A
0,C,C336,#6c8e72,HEMP BS4800/10B21,SG,A
0,C,C337,#47767e,GRAYISH BLUE FS35237,SG,A
0,C,C338,#b4bbbf,LIGHT GRAY FS36495,SG,A
0,C,C339,#334f5b,ENGINE GRAY FS16081,G,A
0,C,C340,#3e5c43,FIELD GREEN FS34097,SG,A
0,C,C351,#78774e,ZINC-CHROMATE TYPE I FS34151,M,A
0,C,C352,#b69e34,CHROMATE YELLOW PRIMER FS33481,M,A
0,C,C361,#3a3f36,DARK GREEN BS641,M,A
0,C,C362,#5b676c,OCEAN GRAY,M,A
0,C,C363,#768a91,MEDIUM SEAGRAY BS637,M,A
0,C,C364,#6c8366,AIRCRAFT GRAY GREEN BS283,M,A
0,C,C365,#00001d,GLOSS SEABLUE FS151042,G,A
0,C,C366,#567082,INTERMEDIATE BLUE FS35164,M,A
0,C,C367,#658890,BLUE GRAY FS35189,M,A
0,C,C368,#a0b497,SKY BS381C/210,M,A
0,C,C369,#594e36,DARK EARTH BS381C/450,M,A
0,C,C370,#5583ac,AZURE BLUE,M,A
0,C,C374,#507fa4,JASDF SHALLOW OCEAN BLUE,SG,A
0,C,C375,#262d43,JASDF DEEP OCEAN BLUE,SG,A
0,C,C376,#b2bebc,JASDF RADOME GRAY,SG,A
0,C,C383,#274f42,DARK GREEN （KAWANISHI）,SG,A
0,C,C384,#7e7f49,COCKPIT COLOR （KAWANISHI）,SG,A
0,C,C385,#b1101a,RED（IJN AIRCRAFT MARKING）,SG,A
0,C,C391,#00ad92,INTERIOR TURQUOISE GREEN（SOVIET）,SG,A
0,C,C392,#1c9ebc,INTERIOR BLUE （SOVIET）,SG,A
0,C,C393,#050005,RUSSIAN AIRCRAFT BLUE II,SG,A
0,C,C511,#4d5e36,RUSSIAN GREEN "4BO",M,T
0,C,C512,#5f6237,RUSSIAN GREEN "4BO" 1947-",M,T
0,C,C513,#3b4c5a,DARK GRAY "DUNKEL GRAU",M,T
0,C,C514,#4b6d79,GRAY "GRAU",M,T
0,C,C515,#54767f,FADED GRAY "BLASSGRAU",M,T
0,C,C516,#394537,DARK GREEN 3414,M,T
0,C,C517,#48392d,BROWN 3606,M,T
0,C,C518,#37331e,OLIVE DRAB 2314,SG,T
0,C,C519,#404d3a,BRONZEGRUN,M,T
0,C,C520,#523b27,LEDERBRAUN,M,T
0,C,C521,#24292b,TEER SCHWARZ,M,T
0,C,C522,#594f4e,GROUND COLOR,M,T
0,C,C523,#58624e,GRASS COLOR,M,T
0,C,C524,#877a47,HAY COLOR,M,T
0,C,C525,#36503e,GREEN,M,T
0,C,C526,#856654,BROWN,M,T
0,C,C527,#9e7d5a,KHAKI,M,T
0,C,C528,#c3ac86,IDF GRAY1 （-1981 SINAI）,M,T
0,C,C529,#867e70,IDF GRAY2 （-1981 GOLAN）,M,T
0,C,C530,#7e7562,IDF GRAY3 （MODERN）,M,T
0,C,C601,#888b93,IJN HULL COLOR/KURE,M,S
0,C,C602,#6f7272,IJN HULL COLOR/SASEBO,M,S
0,C,C603,#989eaa,IJN HULL COLOR/MAIZURU,M,S
0,C,C604,#4e7744,IJN TYPE21 CAMOFLAGE COLOR,M,S
0,C,C605,#7ca972,IJN TYPE22 CAMOFLAGE COLOR,M,S
0,C,C606,#674b44,IJN LINOLEUM DECK COLOR,M,S
0,C,C607,#6e767b,JMSDF 2704 GRAY N5,SG,S
0,C,C608,#52595d,JMSDF 2705 DARK GRAY N4,M,S
0,C,C609,#3e4347,JMSDF CLEATED DECK COLOR,M,S
0,GX,GX1,#ffffff,COOL WHITE,G,
0,GX,GX2,#231f20,UENO BLACK,G,
0,GX,GX3,#ee1d23,HARMANN RED,G,
0,GX,GX4,#ffdc01,CHIARA YELLOW,G,
0,GX,GX5,#015aaa,SUSIE BLUE,G,
0,GX,GX6,#006733,MORRIE GREEN,G,
0,GX,GX100,#ffffff,SUPER CLEAR Ⅲ,C,
0,GX,GX112,#d1d2d4,SUPER CLEARⅢ UV CUT GLOSS,C,P
0,GX,GX113,#d1d2d4,SUPER CLEARⅢ UV CUT MATT,C,P
0,GX,GX114,#d1d2d4,SUPER SMOOTH CLEAR〈MATT〉,C,P
0,GX,LG1,#ffffff,GGX WHITE,G,P
0,GX,LG2,#231f20,GGX BLACK,G,P
0,GX,LG112,#ffffff,GGX CLEAR UV CUT GLOSS,C,P
0,GX,LG113,#ffffff,GGX CLEAR UV CUT MATT,C,P
0,SM,SM201,#cccdcf,SUPER FINE SILVER 2,ME,
0,SM,SM202,#cbac77,SUPER GOLD 2,ME,
0,SM,SM203,#b7b8bb,SUPER IRON 2,ME,
0,SM,SM204,#bcbdc0,SUPER STAINLESS 2,ME,
0,SM,SM205,#d6d2d6,SUPER TITANIUM 2,ME,
0,SM,SM206,#cbccce,SUPER CHROME SILVER 2,ME,
0,SM,SM207,#deb232,SUPER RICH GOLD,ME,
0,SM,SM208,#d3d4d6,SUPER DURALUMIN,ME,
0,SM,SM209,#ca6b59,SUPER COPPER,ME,
0,SM,SM210,#d99fa1,SUPER PINK GOLD,ME,
0,SM,SM211,#dd9b31,SUPER RED GOLD,ME,
0,SM,SM212,#d4d5d7,SUPER MATT ALUMINUM,ME,
0,CR,CR1,#00aeef,CYAN,G,
0,CR,CR2,#ec008c,MAGENTA,G,
0,CR,CR3,#fff200,YELLOW,G,
1,CR,HCR1,#00aeef,CYAN,G,
1,CR,HCR2,#ec008c,MAGENTA,G,
1,CR,HCR3,#fff200,YELLOW,G,
0,S,S1,#ffffff,WHITE,G,P
0,S,S2,#231f20,BLACK,G,P
0,S,S3,#ed1c24,RED,G,P
0,S,S4,#ffdd00,YELLOW,G,P
0,S,S5,#0060af,BLUE,G,P
0,S,S6,#006835,GREEN,G,P
0,S,S8,#d1d3d4,SILVER,ME,P
0,S,S9,#dcaf31,GOLD,ME,P
0,S,S11,#b4bbbf,LIGHT GULL GRAY A,SG,US
0,S,S12,#6f5f3c,OLIVE DRAB（1） A,SG,US・Ⅱ
0,S,S13,#677a83,NEUTRAL GRAY A,SG,US・Ⅱ
0,S,S14,#234f5b,NAVY BLUE A,SG,US・Ⅱ
0,S,S15,#44503d,IJN GREEN（NAKAJIMA）A,SG,J・Ⅱ
0,S,S16,#22543f,IJA GREEN A,SG,J・Ⅱ
0,S,S28,#231f20,STEEL,ME,P
0,S,S29,#61343b,HULL RED,SG,S
0,S,S30,#ffffff,FLAT CLEAR,C,P
0,S,S31,#4c7566,DARK GRAY（1） S,SG,US・Ⅱ
0,S,S32,#485d64,DARK GRAY（2） S,SG,J・Ⅱ
0,S,S33,#231f20,FLAT BLACK,M,P
0,S,S34,#0095da,SKY BLUE,G,P
0,S,S35,#94b0be,IJN GRAY（MITSUBISHI）A,SG,J・Ⅱ
0,S,S38,#44503d,OLIVE DRAB（2） T,M,US
0,S,S39,#ba9765,DARK YELLOW（SANDY YELLOW）T,M,G・Ⅱ
0,S,S40,#2f4248,GERMAN GRAY T,M,G・Ⅱ
0,S,S41,#573438,RED BROWN T,M,G・Ⅱ
0,S,S42,#4d3538,MAHOGANY,SG,P
0,S,S43,#71513a,WOOD BROWN,SG,P
0,S,S44,#c4a26e,TAN,SG,S
0,S,S46,#ffffff,CLEAR,C,P
0,S,S47,#ed1c24,CLEAR RED,C,P
0,S,S48,#ffd401,CLEAR YELLOW,C,P
0,S,S49,#f26522,CLEAR ORANGE,C,P
0,S,S50,#00aeef,CLEAR BLUE,C,P
0,S,S58,#f47920,ORANGE YELLOW A,SG,J・Ⅱ
0,S,S59,#f26522,ORANGE,SG,P
0,S,S61,#573a34,BURNT IRON,ME,P・C
0,S,S62,#ffffff,FLAT WHITE,M,P
0,S,S63,#f17298,PINK,G,P
0,S,S64,#1eaa4a,YELLOW GREEN,G,P・C
0,S,S65,#074ea2,BRIGHT BLUE,G,P・C
0,S,S66,#00a650,BRIGHT GREEN,G,P・C
0,S,S67,#483087,PURPLE,G,P
0,S,S68,#da2128,MADDER RED,G,P・C
0,S,S69,#f6f3ee,OFF WHITE,G,P・C
0,S,S70,#3a4940,DARK GREEN T,M,G・Ⅱ
0,S,S72,#2a879f,INTERMEDIATE,SG,BLUE
0,S,S75,#af2a30,METALLIC RED,ME,P・C
0,S,S76,#005aaa,METALLIC BLUE,ME,P・C
0,S,S77,#009058,METALLIC GREEN,ME,P・C
0,S,S78,#231f20,METAL BLACK,ME,P・C
0,S,S79,#ed1c24,SHINE RED,G,P
0,S,S80,#2e3092,COBALT BLUE,SG,P
0,S,S81,#7c3139,RUSSET,G,P
0,S,S90,#c7c8ca,SHINE SILVER,ME,P
0,S,S92,#231f20,SEMI GLOSS BLACK,SG,P
0,S,S97,#aab7af,LIGHT GRAY,G,P
0,S,S101,#3b2f20,SMOKE GRAY,G,P・C
0,S,S107,#f0f1ee,CHARACTER WHITE,SG,P
0,S,S108,#c9252b,CHARACTER RED,SG,P
0,S,S109,#f5821f,CHARACTER YELLOW,SG,P
0,S,S110,#074ea2,CHARACTER BLUE,SG,P
0,S,S111,#fdddcf,CHARACTER FLESH（1）,SG,P
0,S,S112,#f9b5b2,CHARACTER FLESH（2）,SG,P
0,S,S115,#6d92a0,RLM65 LIGHT BLUE A,SG,G・Ⅱ
0,S,S117,#afcbc9,RLM76 LIGHT BLUE A,SG,G・Ⅱ
0,S,S124,#22473f,DARK GREEN（MITSUBISHI） A,SG,J・Ⅱ
0,S,SJ01,#60727a,JAPANESE NAVAL ARSENAL COLOR,M,
0,S,SJ02,#515254,JAPANESE NAVAL ARSENAL COLOR,M,
3,N,N1,#ffffff,WHITE,G,
3,N,N2,#231f20,BLACK,G,
3,N,N3,#ed1c24,RED,G,
3,N,N4,#ffdd00,YELLOW,G,
3,N,N5,#005aaa,BLUE,G,
3,N,N6,#00904d,GREEN,G,
3,N,N7,#ca4136,BROWN,G,
3,N,N8,#d1d3d4,SILVER,ME,
3,N,N9,#dcaf31,GOLD,ME,
3,N,N10,#cd733a,COPPER,ME,
3,N,N11,#ffffff,MATT WHITE,M,
3,N,N12,#231f20,MATT BLACK,M,
3,N,N13,#da2128,MATT RED,M,
3,N,N14,#ef4023,ORANGE,G,
3,N,N15,#074ea2,BRIGHT BLUE,G,
3,N,N16,#2aa44a,YELLOW GREEN,G,
3,N,N17,#61343b,HULL RED,SG,
3,N,N18,#231f20,STEEL,ME,
3,N,N19,#f17298,PINK,G,
3,N,N20,#ffffff,FLAT CLEAR,C,
3,N,N21,#f6f3ee,OFF WHITE,G,
3,N,N22,#5b6b78,NEUTRAL GRAY,SG,
3,N,N23,#ed1c24,SHINE RED,G,
3,N,N24,#f47920,ORANGE YELLOW,SG,
3,N,N25,#0095da,SKY BLUE,G,
3,N,N26,#00a650,BRIGHT GREEN,G,
3,N,N27,#c4a26e,TAN,SG,
3,N,N28,#231f20,METAL BLACK,ME,
3,N,N30,#ffffff,CLEAR,C,
3,N,N32,#2f4248,GERMAN GRAY 3/4,M,
3,N,N33,#853039,RUSSET,G,
3,N,N34,#e4a024,CREAM YELLOW,G,
3,N,N35,#2e3092,COBALT BLUE,G,
3,N,N36,#003920,IJN GREEN （NAKAJIMA）,SG,
3,N,N37,#71513a,WOOD BROWN,SG,
3,N,N38,#4c3540,STEEL RED,ME,
3,N,N39,#483087,PURPLE,G,
3,N,N40,#ffffff,FLAT BASE,M,
3,N,N43,#af2a3d,WINE RED,G,
3,N,N44,#e3ac7c,FLESH,SG,
3,N,N45,#00c0f3,LIGHT BLUE,G,
3,N,N46,#00ac5b,EMERALD GREEN,G,
3,N,N47,#743237,RED BROWN,M,
3,N,N49,#6f85c2,VIOLET,G,
3,N,N50,#83ae74,LIME GREEN,G,
3,N,N51,#b4bbbf,LIGHT GULL GRAY,G,
3,N,N52,#5f552e,OLIVE DRAB（1）,SG,
3,N,N54,#234f5b,NAVY BLUE,SG,
3,N,N55,#38494e,MIDNIGHT BLUE,G,
3,N,N56,#2d5562,INTERMEDIATE BLUE,SG,
3,N,N57,#729998,AIRCRAFT GRAY,G,
3,N,N58,#b2a335,INTERIOR GREEN,SG,
3,N,N60,#22543f,IJA GREEN,SG,
3,N,N61,#94b0be,IJN GRAY （MITSUBISHI）,G,
3,N,N62,#6f9f9b,IJN GRAY GREEN （NAKAJIMA）,SG,
3,N,N63,#007b72,METALLIC BLUE GREEN,ME,
3,N,N66,#9d8145,RLM79 SAND YELLOW,SG,
3,N,N67,#6d92a0,RLM65 LIGHT BLUE,SG,
3,N,N68,#264142,RLM74 GRAY GREEN,SG,
3,N,N69,#546460,RLM75 GRAY VIOLET,SG,
3,N,N70,#959480,RLM02GRAY,SG,
3,N,N71,#aa8a4b,MIDDLE STONE,SG,
3,N,N72,#5c5144,DARK EARTH,SG,
3,N,N73,#3a4940,DARK GREEN,SG,
3,N,N76,#58575c,BURNT IRON,ME,
3,N,N77,#231f20,TIRE BLACK,M,
3,N,N78,#44503d,OLIVE DRAB（2）,M,
3,N,N79,#ba9765,DARK YELLOW 3/4,M,
3,N,N80,#3a4940,KHAKI GREEN,M,
3,N,N81,#5b573d,KHAKI,M,
3,N,N82,#848c8d,DARKGRAY（1）,SG,
3,N,N83,#485d64,DARKGRAY（2）,SG,
3,N,N84,#4d3538,MAHOGANY,SG,
3,N,N85,#b9b084,SAIL COLOR,M,
3,N,N86,#da2128,RED MADDER,G,
3,N,N87,#af2a30,METALLIC RED,ME,
3,N,N88,#005aaa,METALLIC BLUE,ME,
3,N,N89,#009058,METALLIC GREEN,ME,
3,N,N90,#ed1c24,CLEAR RED,C,
3,N,N91,#ffd401,CLEAR YELLOW,C,
3,N,N92,#f26522,CLEAR ORANGE,C,
3,N,N93,#00aeef,CLEAR BLUE,C,
3,N,N94,#00a650,CLEAR GREEN,C,
3,N,N95,#3b2f20,SMOKE GRAY,G,
3,N,N97,#fff200,FLUORESCENT YELLOW,G,
3,N,N98,#ee3124,FLUORESCENT ORANGE,G,
3,N,N99,#ed0972,FLUORESCENT PINK,G,
3,N,N100,#00a650,FLUORESCENT GREEN,G,
3,N,N101,#ed1c24,FLUORESCENT RED,G,
3,N,N127,#a2b180,COCKPIT COLOR （NAKAJIMA）,SG,
3,N,BN01,#ffffff,BASE WHITE,M,
3,N,BN02,#4e5e64,BASE GRAY,M,
3,N,BN03,#af3446,BASE RED,M,
3,N,BN04,#f8b84c,BASE YELLOW,M,
3,N,BN05,#007dc4,BASE BLUE,M,
3,N,BN06,#006b65,BASE GREEN,M,
3,N,NF01,#f1aab3,STRAWBERRY PINK,M,
3,N,NF02,#f4cac1,MILKY CORAL,M,
3,N,NF03,#ead8bc,CREAMY BEIGE,M,
3,N,NF04,#9ed3a1,GRASS GREEN,M,
3,N,NF05,#b6dfcf,MINT BLUE,M,
3,N,NF06,#8a4b66,CASSIS PINK,M,
3,N,NF07,#a32952,WINE RED,M,
3,N,NF08,#815f89,GRAYISH PURPLE,M,
3,N,NF09,#786b35,ANTIQUE GOLD,M,
0,CL,CL01,#fcd0b7,WHITE PEACH,G,
0,CL,CL02,#a37d76,COCOA MILK,G,
0,CL,CL03,#fac7bf,CLEAR PALE RED,C,
0,CL,CL04,#fccb9c,CLEAR PALE ORANGE,C,
0,CL,CL05,#f7996e,CLEAR PALE BROWN,C,
0,CL,CL06,#ffffff,CLEAR WHITE,C,
0,CL,CL07,#f9b4ad,ROSY PEACH,G,
0,CL,CL08,#fefbf5,NUTS WHITE,G,
0,CL,CL09,#ffffff,SMOOTH PEARL COAT,G,
0,CL,CL101,#f0f099,BLONDE,G,
0,CL,CL102,#c45738,COPPER BROWN,G,
0,CL,CL103,#3d3d3e,BLACK HAIR,G,
0,CL,CL104,#e794c0,PINK PURPLE,G,
0,CL,CL105,#c099c6,LILACK,G,
0,CL,CL106,#ffffff,ICY WHITE,G,
0,CL,CL107,#a4a091,FLAXEN,G,
0,CL,CL108,#00a6af,PALE BLUE-GREEN,G,
0,CL,CL109,#94cc6e,LIME GREEN,G,
0,CL,CL110,#ee336c,SCARLET,G,
0,CL,CL111,#5bc3ef,AZURE,G,
0,V,BC01,#fab49b,PALE ORANGE,G,
0,V,BC02,#f15f53,CARROT ORANGE,G,
0,V,BC03,#f9aa8f,MILKY PEACH,G,
0,V,BC04,#f48b94,CORAL PINK,G,
3,SVC,SVC1,#ffffff,WHITE,G,
3,SVC,SVC2,#231f20,BLACK,G,
3,SVC,SVC3,#ee1d23,RED,G,
3,SVC,SVC4,#ffdc01,YELLOW,G,
3,SVC,SVC5,#015aaa,BLUE,G,
3,SVC,SVC6,#d1d2d4,SILVER,ME,
3,SVC,SVC7,#dbaf31,GOLD,ME,
3,SVC,SVC8,#253b4c,METALLIC BLACK,ME,
0,UG,UG01,#ebf3f6,MS WHITE,SG,
0,UG,UG02,#0153a0,MS BLUE,SG,
0,UG,UG03,#fcba13,MS YELLOW,SG,
0,UG,UG04,#c92c2e,MS RED,SG,
0,UG,UG05,#2c3031,U.N.T'.s MS GRAY,SG,
0,UG,UG06,#88ab8f,MS GREEN,SG,
0,UG,UG07,#4e6f56,MS DEEP GREEN,SG,
0,UG,UG08,#9c85bd,MS PURPLE,SG,
0,UG,UG09,#4f5362,ZEON'S MS GRAY,SG,
0,UG,UG010,#dc6c70,MS CHAR'S PINK,SG,
0,UG,UG011,#892e4f,MS CHAR'S RED,SG,
0,UG,UG012,#d1232a,MS SAZABI RED,SG,
0,UG,UG013,#0f4ca0,A.E.U.G'.s MS BLUE,SG,
0,UG,UG014,#437ec1,MS LIGHT BLUE,SG,
0,UG,UG015,#04010f,MS PHANTOM GRAY,SG,
0,UG,UG016,#080917,MS TITANS BLUE 1,SG,
0,UG,UG017,#080e58,MS TITANS BLUE 2,SG,
0,UG,UG018,#d5ebdb,RX-78 WHITE,SG,
0,UG,UG019,#009fd7,RX-78 BLUE,SG,
0,UG,UG020,#ef342a,RX-78 RED,SG,
0,UG,UG021,#fbb017,RX-78 YELLOW,SG,
0,UG,UG022,#723236,MS-06S RED,SG,
0,UG,UG023,#f05970,MS-06S PINK,SG,
0,UG,UG024,#d91d4e,TRANS-AM RED PEARL,G,
0,UG,UG025,#ef3875,TRANS-AM HIGHLIGHT RED,G,
3,UG,HUG01,#ebf3f6,RX-78-2 GUNDAM WHITE,SG,
3,UG,HUG02,#0153a0,RX-78-2 GUNDAM BLUE,SG,
3,UG,HUG03,#fcba13,RX-78-2 GUNDAM YELLOW,SG,
3,UG,HUG04,#ee1d23,RX-78-2 GUNDAM RED,SG,
3,UG,HUG05,#dc6c70,PINK FOR CHAR AZNABLE,SG,
3,UG,HUG06,#892e4f,RED FOR CHAR AZNABLE,SG,
3,UG,HUG07,#0f0b15,MS PHANTOM GRAY,SG,
3,UG,HUG08,#080917,MS TITANS BLUE 1,SG,
3,UG,HUG09,#080e58,MS TITANS BLUE 2,SG,
3,UG,HUG101,#5582ab,SWORD STRIKE BLUE,SG,
3,UG,HUG102,#3b5b52,LAUNCHER STRIKE GREEN,SG,
3,UG,HUG103,#f0d5e6,STRIKE ROUGE PINK,SG,
3,UG,HUG104,#b3bbbe,DEACTIVE WHITE,SG,
3,UG,HUG105,#5b6b77,DEACTIVE GRAY,SG,
3,UG,HUG106,#231f20,DEACTIVE BLACK,SG,
3,UG,HUG107,#0078bf,FREEDOM BLUE,SG,
3,UG,HUG108,#b66886,JUSTICE PINK,SG,
3,UG,HUG201,#d82628,SWORD IMPULSE RED,SG,
3,UG,HUG202,#3c5a31,BLAST IMPULSE GREEN,SG,
3,UG,HUG203,#6db2b0,SKY BLUE FOR YZAK JULE,SG,
3,UG,HUG204,#cd2853,PINK FOR LUNAMARIA HAWKE,SG,
3,UG,HUG205,#c299c5,PURPLE FOR REY ZA BURREL,SG,
3,UG,HUG206,#c52447,DESTINY RED,SG,
3,UG,HUG207,#f17097,LIVE CONCERT PINK,SG,
3,UG,HUG208,#f58420,ORANGE FOR HEINE WESTENFLUSS,SG,
3,UG,HUG301,#2f69a6,RISING FREEDOM BLUE,SG,
3,UG,HUG302,#b6404f,IMMORTAL JUSTICE RED,SG,
3,UG,HUG303,#231f20,BLACK KNIGHT SQUAD BLACK,SG,
3,UG,HUG304,#4f7bbe,GYAN STROM (AGNES CUSTOM) BLUE,SG,
3,UG,HUG305,#080036,MIGHTY STRIKE FREEDOM DARK BLUE,SG,
3,UG,HUG306,#cb556a,INFINITE JUSTICE TYPE II RED,SG,
3,UG,HUG307,#7e7e95,DUEL BLITZ BLUE GRAY,SG,
3,UG,HUG308,#f2f1ec,LIGHTNING BUSTER WHITE,SG,
3,UG,XHUG01,#4f7bbe,GUNDAM AERIAL BLUE,SG,
3,UG,XHUG02,#f8fafd,GUNDAM AERIAL WHITE,SG,
3,UG,XHUG03,#808285,GUNDAM AERIAL GRAY,SG,
3,UG,XHUG04,#b12c7d,GUNDAM LFRITH PINK,SG,
3,UG,XHUG05,#867e86,GUNDAM LFRITH GRAY,SG,
3,UG,XHUG06,#cacc99,CHUCHUʼS DEMI TRAINER YELLOW,SG,
3,UG,XHUG07,#9e3c35,DARILBALDE RED,SG,
3,UG,XHUG08,#616777,GUNDAM PHARACT GRAY,SG,
3,UG,XHUG09,#a19ebd,MICHAELIS PURPLE,SG,
3,UG,XHUG10,#534d76,BEGUIR-PENTE VIOLET,SG,
3,UG,XHUG11,#347c7a,GUNDAM LFRITH UR GREEN,SG,
3,UG,XHUG12,#918176,GUNDAM LFRITH THORN BROWN,SG,
3,UG,XHUG13,#374b6e,GUNDAM AERIAL REBUILD BLUE,SG,
3,V,HMS01,#f2ceaf,BODY COLOR A,SG,
3,V,HMS02,#f9e1c7,BODY COLOR B,SG,
3,V,HMS03,#e0a689,BODY COLOR C,SG,
3,V,HMS04,#f7cac2,CLEAR PALE RED,C,
3,V,HMS05,#fccb9d,CLEAR PALE ORANGE,C,
3,V,HMS06,#f8a377,CLEAR PALE BROWN,C,
3,V,HMS07,#ffffff,CLEAR WHITE,C,
3,V,HMS08,#ffffff,SMOOTH PEARL CORT,SG,
0,W,WC01,#211e1d,MULTI BLACK WEATHERING COLOR,W,
0,W,WC02,#271c13,GROUND BROWN WEATHERING COLOR,W,
0,W,WC03,#623122,STAIN BROWN WEATHERING COLOR,W,
0,W,WC04,#d2c3ae,SANDY WASH WEATHERING COLOR,W,
0,W,WC05,#dddddd,MULTI WHITE WEATHERING COLOR,W,
0,W,WC06,#64656a,MULTI GRAY WEATHERING COLOR,W,
0,W,WC07,#8c7457,GRAYISH BROWN WEATHERING COLOR,W,
0,W,WC08,#c07d47,RUST ORANGE WEATHERING COLOR,W,
0,W,WC09,#163866,SHADE BLUE FILTER LIQUID,W,
0,W,WC10,#efcd48,SPOT YELLOW FILTER LIQUID,W,
0,W,WC11,#867399,LAYER VIOLET FILTER LIQUID,W,
0,W,WC12,#3a583a,FACE GREEN FILTER LIQUID,W,
3,W,WT01,#ffffff,WHITE WEATHERING COLOR GOUACHE,W,
3,W,WT02,#030303,BLACK WEATHERING COLOR GOUACHE,W,
3,W,WT03,#6e675e,LIGHT MUD BLOWN WEATHERING COLOR GOUACHE,W,
3,W,WT04,#e4864d,LIGHT RUST WEATHERING COLOR GOUACHE,W,
3,W,WT05,#d2c8b6,LIGHT DUST WEATHERING COLOR GOUACHE,W,
3,W,WT06,#b1a4a1,BURNT UMBER WEATHERING COLOR GOUACHE,W,
0,W,MIG01,#614f28,DARK WASH WWⅡ WESTERN FRONT,W,
0,W,MIG02,#5c2f1c,DARK STREAKING GRIME WWⅡ WESTERN FRONT,W,
0,W,MIG03,#f7f3df,DRY MUD WWⅡ WESTERN FRONT,W,
0,W,MIG04,#e7dec2,EUROPE DUST WWⅡ WESTERN FRONT,W,
0,W,MIG05,#564b27,WINTER WASH WWⅡ EASTERN FRONT,W,
0,W,MIG06,#352315,WINTER STREAKING GRIME WWⅡ EASTERN FRONT,W,
0,W,MIG07,#543a1f,FRESH DARK MUD WWⅡ EASTERN FRONT,W,
0,W,MIG08,#c28861,DRY EARTH WWⅡ EASTERN FRONT,W,
0,W,MIG09,#ead8a1,SAND FILTER WWⅡ AFRIKA KORPS,W,
0,W,MIG10,#543f20,WINTER STREAKING GRIME WWⅡ AFRIKA KORPS,W,
0,W,MIG11,#d0a375,GREY STREAKING GRIME WWⅡ AFRIKA KORPS,W,
0,W,MIG12,#f7f3c5,LIGHT DUST WWⅡ AFRIKA KORPS,W,
0,W,MIG13,#230a07,FUEL & OIL,W,
0,W,MIG14,#805e33,EARTH & GRIME,W,
3,W,MIG15,#54341b,CHIPPING,W,
0,W,MIG16,#b13a2e,RUST,W,
0,V,CA01,#3a3b3d,GLAY TONE 1,G,
0,V,CA02,#6e7073,GLAY TONE 2,G,
0,V,CA03,#a1a2a6,GLAY TONE 3,G,
0,V,CA04,#ddddde,GLAY TONE 4,G,
0,V,CA05,#5b5354,CARBON GLAY,SG,
0,V,CRE01,#6f2e32,CRANBERRY RED PEARL,PA,P
0,V,CRE02,#27bdbe,CERULEAN BLUE,G,P
0,V,CRE03,#374a3f,BRITISH GREEN,G,P
0,V,UM01,#97999c,ULTRA SILVER,ME,
0,V,UM02,#d5a828,ULTRA GOLD,ME,
0,V,CV01,#b04d40,VELVET RED,ME,
0,V,CV02,#1f5293,VELVET BLUE,ME,
0,V,CV03,#367c5f,VELVET GREEN,ME,
0,V,LAC101,#231f20,ALUMITE BLACK,SG,
0,V,LAC102,#514946,PARKER GUN METALLIC,ME,
0,V,LAC103,#a8a9ad,STAINLESS SILVER,ME,
0,V,LAC104,#002d49,BLUED GUN METALLIC,ME,
0,V,LAC105,#8e804e,FLAT DARK EARTH 1,M,
0,V,LAC106,#877059,FLAT DARK EARTH 2,M,
0,V,XGC01,#e0e1de,BRUNHILD WHITE,G,
0,V,XGC02,#39828b,HYPERION GREEN,G,
0,V,XGC03,#859e78,FREE PLANETS ALLIANCE STANDARD BATTLESHIP GREEN,G,